{"timestamp":"2023-08-25T11:26:17.039Z","name":"sighbertwo","class":"Sorceress","level":94,"fcr":143,"teleportTime":4844,"killTime":null,"viperQuit":false,"coldImmune":false}
{"timestamp":"2023-08-25T11:29:42.879Z","name":"sighberthree","class":"Sorceress","level":95,"fcr":139,"teleportTime":5719,"killTime":null,"viperQuit":true,"coldImmune":false}
{"timestamp":"2023-08-25T11:29:51.150Z","name":"sighbertwo","class":"Sorceress","level":94,"fcr":143,"teleportTime":5703,"killTime":9000,"viperQuit":false,"coldImmune":false}
{"timestamp":"2023-08-25T11:33:47.836Z","name":"sighbertwo","class":"Sorceress","level":94,"fcr":143,"teleportTime":5828,"killTime":null,"viperQuit":false,"coldImmune":false}
{"timestamp":"2023-08-25T11:37:03.910Z","name":"sighbertwo","class":"Sorceress","level":94,"fcr":143,"teleportTime":5766,"killTime":null,"viperQuit":true,"coldImmune":false}
{"timestamp":"2023-08-25T11:40:54.938Z","name":"sighbertwo","class":"Sorceress","level":94,"fcr":143,"teleportTime":5719,"killTime":15516,"viperQuit":false,"coldImmune":false}
{"timestamp":"2023-08-25T11:44:16.529Z","name":"sighbertwo","class":"Sorceress","level":94,"fcr":143,"teleportTime":4875,"killTime":null,"viperQuit":true,"coldImmune":false}
{"timestamp":"2023-08-25T11:48:12.239Z","name":"sighbertwo","class":"Sorceress","level":94,"fcr":143,"teleportTime":5797,"killTime":null,"viperQuit":true,"coldImmune":false}
{"timestamp":"2023-08-25T11:51:44.252Z","name":"sighbertwo","class":"Sorceress","level":94,"fcr":143,"teleportTime":4828,"killTime":7094,"viperQuit":false,"coldImmune":false}
{"timestamp":"2023-08-25T11:55:27.313Z","name":"sighbertwo","class":"Sorceress","level":94,"fcr":143,"teleportTime":4859,"killTime":null,"viperQuit":true,"coldImmune":false}
{"timestamp":"2023-08-25T11:55:36.460Z","name":"sighberthree","class":"Sorceress","level":95,"fcr":139,"teleportTime":4797,"killTime":8328,"viperQuit":false,"coldImmune":false}
{"timestamp":"2023-08-25T11:58:56.911Z","name":"sighbertwo","class":"Sorceress","level":94,"fcr":143,"teleportTime":5156,"killTime":2078,"viperQuit":false,"coldImmune":false}
{"timestamp":"2023-08-25T12:02:18.174Z","name":"sighbertwo","class":"Sorceress","level":94,"fcr":143,"teleportTime":4922,"killTime":4609,"viperQuit":false,"coldImmune":false}
{"timestamp":"2023-08-25T12:03:23.737Z","name":"sighberthree","class":"Sorceress","level":95,"fcr":139,"teleportTime":4734,"killTime":null,"viperQuit":true,"coldImmune":false}
{"timestamp":"2023-08-25T12:06:11.036Z","name":"sighbertwo","class":"Sorceress","level":94,"fcr":143,"teleportTime":4860,"killTime":null,"viperQuit":false,"coldImmune":false}
{"timestamp":"2023-08-25T12:07:34.375Z","name":"sighberthree","class":"Sorceress","level":95,"fcr":139,"teleportTime":5109,"killTime":2453,"viperQuit":false,"coldImmune":false}
{"timestamp":"2023-08-25T12:09:46.410Z","name":"sighbertwo","class":"Sorceress","level":94,"fcr":143,"teleportTime":5718,"killTime":12360,"viperQuit":false,"coldImmune":false}
{"timestamp":"2023-08-25T12:15:31.728Z","name":"sighbertwo","class":"Sorceress","level":94,"fcr":143,"teleportTime":5750,"killTime":null,"viperQuit":false,"coldImmune":false}
{"timestamp":"2023-08-25T12:16:51.176Z","name":"sighberthree","class":"Sorceress","level":95,"fcr":139,"teleportTime":4703,"killTime":null,"viperQuit":true,"coldImmune":false}
{"timestamp":"2023-08-25T12:19:08.395Z","name":"sighbertwo","class":"Sorceress","level":94,"fcr":143,"teleportTime":5281,"killTime":4125,"viperQuit":false,"coldImmune":false}
{"timestamp":"2023-08-25T12:20:49.150Z","name":"sighberthree","class":"Sorceress","level":95,"fcr":139,"teleportTime":5547,"killTime":null,"viperQuit":true,"coldImmune":false}
{"timestamp":"2023-08-25T12:22:45.524Z","name":"sighbertwo","class":"Sorceress","level":94,"fcr":143,"teleportTime":4875,"killTime":null,"viperQuit":true,"coldImmune":false}
{"timestamp":"2023-08-25T12:26:10.655Z","name":"sighbertwo","class":"Sorceress","level":94,"fcr":143,"teleportTime":5219,"killTime":5719,"viperQuit":false,"coldImmune":false}
{"timestamp":"2023-08-25T12:29:15.533Z","name":"sighberthree","class":"Sorceress","level":95,"fcr":139,"teleportTime":4797,"killTime":null,"viperQuit":true,"coldImmune":false}
{"timestamp":"2023-08-25T12:29:54.408Z","name":"sighbertwo","class":"Sorceress","level":94,"fcr":143,"teleportTime":4954,"killTime":10078,"viperQuit":false,"coldImmune":false}
{"timestamp":"2023-08-25T12:33:34.944Z","name":"sighbertwo","class":"Sorceress","level":94,"fcr":143,"teleportTime":5156,"killTime":4219,"viperQuit":false,"coldImmune":false}
{"timestamp":"2023-08-25T12:37:03.938Z","name":"sighbertwo","class":"Sorceress","level":94,"fcr":143,"teleportTime":5750,"killTime":6985,"viperQuit":false,"coldImmune":false}
{"timestamp":"2023-08-25T12:40:49.228Z","name":"sighbertwo","class":"Sorceress","level":94,"fcr":143,"teleportTime":4860,"killTime":null,"viperQuit":false,"coldImmune":false}
{"timestamp":"2023-08-25T12:44:27.345Z","name":"sighbertwo","class":"Sorceress","level":94,"fcr":143,"teleportTime":4891,"killTime":10500,"viperQuit":false,"coldImmune":false}
{"timestamp":"2023-08-25T12:47:39.379Z","name":"sighbertwo","class":"Sorceress","level":94,"fcr":143,"teleportTime":4859,"killTime":null,"viperQuit":true,"coldImmune":false}
{"timestamp":"2023-08-25T12:49:05.775Z","name":"sighberthree","class":"Sorceress","level":95,"fcr":139,"teleportTime":5750,"killTime":2078,"viperQuit":false,"coldImmune":false}
{"timestamp":"2023-08-25T12:51:39.425Z","name":"sighbertwo","class":"Sorceress","level":94,"fcr":143,"teleportTime":4844,"killTime":10750,"viperQuit":false,"coldImmune":false}
{"timestamp":"2023-08-25T12:55:12.407Z","name":"sighbertwo","class":"Sorceress","level":94,"fcr":143,"teleportTime":5766,"killTime":11578,"viperQuit":false,"coldImmune":false}
{"timestamp":"2023-08-25T12:57:24.854Z","name":"sighberthree","class":"Sorceress","level":95,"fcr":139,"teleportTime":5656,"killTime":18578,"viperQuit":false,"coldImmune":false}
{"timestamp":"2023-08-25T12:58:43.585Z","name":"sighbertwo","class":"Sorceress","level":94,"fcr":143,"teleportTime":4985,"killTime":null,"viperQuit":true,"coldImmune":false}
{"timestamp":"2023-08-25T13:02:05.101Z","name":"sighbertwo","class":"Sorceress","level":94,"fcr":143,"teleportTime":5890,"killTime":20141,"viperQuit":false,"coldImmune":false}
{"timestamp":"2023-08-25T13:05:10.129Z","name":"sighberthree","class":"Sorceress","level":95,"fcr":139,"teleportTime":4859,"killTime":null,"viperQuit":true,"coldImmune":false}
{"timestamp":"2023-08-25T13:05:58.716Z","name":"sighbertwo","class":"Sorceress","level":94,"fcr":143,"teleportTime":4843,"killTime":null,"viperQuit":true,"coldImmune":false}
{"timestamp":"2023-08-25T13:09:34.154Z","name":"sighbertwo","class":"Sorceress","level":94,"fcr":143,"teleportTime":4859,"killTime":8938,"viperQuit":false,"coldImmune":false}
{"timestamp":"2023-08-25T13:13:13.479Z","name":"sighbertwo","class":"Sorceress","level":94,"fcr":143,"teleportTime":5157,"killTime":41656,"viperQuit":false,"coldImmune":false}
{"timestamp":"2023-08-25T13:14:26.990Z","name":"sighberthree","class":"Sorceress","level":95,"fcr":139,"teleportTime":4844,"killTime":null,"viperQuit":true,"coldImmune":false}
{"timestamp":"2023-08-25T13:17:42.895Z","name":"sighbertwo","class":"Sorceress","level":94,"fcr":143,"teleportTime":4938,"killTime":null,"viperQuit":true,"coldImmune":false}
{"timestamp":"2023-08-25T13:21:15.005Z","name":"sighbertwo","class":"Sorceress","level":94,"fcr":143,"teleportTime":4859,"killTime":7797,"viperQuit":false,"coldImmune":false}
{"timestamp":"2023-08-25T13:24:53.437Z","name":"sighbertwo","class":"Sorceress","level":94,"fcr":143,"teleportTime":5297,"killTime":22218,"viperQuit":false,"coldImmune":false}
{"timestamp":"2023-08-25T13:26:27.056Z","name":"sighberthree","class":"Sorceress","level":95,"fcr":139,"teleportTime":4812,"killTime":9219,"viperQuit":false,"coldImmune":false}
{"timestamp":"2023-08-25T13:28:12.682Z","name":"sighbertwo","class":"Sorceress","level":94,"fcr":143,"teleportTime":4984,"killTime":11438,"viperQuit":false,"coldImmune":false}
{"timestamp":"2023-08-25T13:32:06.117Z","name":"sighbertwo","class":"Sorceress","level":94,"fcr":143,"teleportTime":5828,"killTime":null,"viperQuit":true,"coldImmune":false}
{"timestamp":"2023-08-25T13:35:39.717Z","name":"sighberthree","class":"Sorceress","level":95,"fcr":139,"teleportTime":5672,"killTime":13953,"viperQuit":false,"coldImmune":false}
{"timestamp":"2023-08-25T13:35:41.243Z","name":"sighbertwo","class":"Sorceress","level":94,"fcr":143,"teleportTime":5234,"killTime":10032,"viperQuit":false,"coldImmune":false}
{"timestamp":"2023-08-25T13:39:23.071Z","name":"sighbertwo","class":"Sorceress","level":94,"fcr":143,"teleportTime":4828,"killTime":6422,"viperQuit":false,"coldImmune":false}
{"timestamp":"2023-08-25T13:42:54.927Z","name":"sighbertwo","class":"Sorceress","level":94,"fcr":143,"teleportTime":4968,"killTime":null,"viperQuit":false,"coldImmune":false}
{"timestamp":"2023-08-25T13:46:14.591Z","name":"sighbertwo","class":"Sorceress","level":94,"fcr":143,"teleportTime":4859,"killTime":9360,"viperQuit":false,"coldImmune":false}
{"timestamp":"2023-08-25T13:50:17.787Z","name":"sighbertwo","class":"Sorceress","level":94,"fcr":143,"teleportTime":4859,"killTime":null,"viperQuit":true,"coldImmune":false}
{"timestamp":"2023-08-25T13:53:46.376Z","name":"sighbertwo","class":"Sorceress","level":94,"fcr":143,"teleportTime":5203,"killTime":6891,"viperQuit":false,"coldImmune":false}
{"timestamp":"2023-08-25T13:54:08.043Z","name":"sighberthree","class":"Sorceress","level":95,"fcr":139,"teleportTime":4797,"killTime":null,"viperQuit":true,"coldImmune":false}
{"timestamp":"2023-08-25T13:57:26.001Z","name":"sighbertwo","class":"Sorceress","level":94,"fcr":143,"teleportTime":5234,"killTime":17031,"viperQuit":false,"coldImmune":false}
{"timestamp":"2023-08-25T13:59:43.941Z","name":"sighberthree","class":"Sorceress","level":95,"fcr":139,"teleportTime":5672,"killTime":null,"viperQuit":true,"coldImmune":false}
{"timestamp":"2023-08-25T14:01:00.404Z","name":"sighbertwo","class":"Sorceress","level":94,"fcr":143,"teleportTime":5187,"killTime":null,"viperQuit":true,"coldImmune":false}
{"timestamp":"2023-08-25T14:04:38.276Z","name":"sighbertwo","class":"Sorceress","level":94,"fcr":143,"teleportTime":5797,"killTime":null,"viperQuit":true,"coldImmune":false}
{"timestamp":"2023-08-25T14:07:34.568Z","name":"sighberthree","class":"Sorceress","level":95,"fcr":139,"teleportTime":4890,"killTime":null,"viperQuit":true,"coldImmune":false}
{"timestamp":"2023-08-25T14:07:52.902Z","name":"sighbertwo","class":"Sorceress","level":94,"fcr":143,"teleportTime":4969,"killTime":7516,"viperQuit":false,"coldImmune":false}
{"timestamp":"2023-08-25T14:11:07.681Z","name":"sighberthree","class":"Sorceress","level":95,"fcr":139,"teleportTime":5047,"killTime":6500,"viperQuit":false,"coldImmune":false}
{"timestamp":"2023-08-25T14:11:44.753Z","name":"sighbertwo","class":"Sorceress","level":94,"fcr":143,"teleportTime":5265,"killTime":24625,"viperQuit":false,"coldImmune":false}
{"timestamp":"2023-08-25T14:18:01.015Z","name":"sighbertwo","class":"Sorceress","level":94,"fcr":143,"teleportTime":5797,"killTime":null,"viperQuit":true,"coldImmune":false}
{"timestamp":"2023-08-25T14:19:08.400Z","name":"sighberthree","class":"Sorceress","level":95,"fcr":139,"teleportTime":4734,"killTime":null,"viperQuit":true,"coldImmune":false}
{"timestamp":"2023-08-25T14:20:33.647Z","name":"sighbertwo","class":"Sorceress","level":94,"fcr":143,"teleportTime":4875,"killTime":null,"viperQuit":true,"coldImmune":false}
{"timestamp":"2023-08-25T14:23:28.025Z","name":"sighberthree","class":"Sorceress","level":95,"fcr":139,"teleportTime":5657,"killTime":null,"viperQuit":true,"coldImmune":false}
{"timestamp":"2023-08-25T14:24:32.978Z","name":"sighbertwo","class":"Sorceress","level":94,"fcr":143,"teleportTime":4875,"killTime":null,"viperQuit":true,"coldImmune":false}
{"timestamp":"2023-08-25T14:28:15.448Z","name":"sighbertwo","class":"Sorceress","level":94,"fcr":143,"teleportTime":5344,"killTime":3125,"viperQuit":false,"coldImmune":false}
{"timestamp":"2023-08-25T14:31:52.314Z","name":"sighbertwo","class":"Sorceress","level":94,"fcr":143,"teleportTime":4938,"killTime":390,"viperQuit":false,"coldImmune":false}
{"timestamp":"2023-08-25T14:35:24.125Z","name":"sighbertwo","class":"Sorceress","level":94,"fcr":143,"teleportTime":5187,"killTime":null,"viperQuit":true,"coldImmune":false}
{"timestamp":"2023-08-25T14:38:59.467Z","name":"sighbertwo","class":"Sorceress","level":94,"fcr":143,"teleportTime":5156,"killTime":27594,"viperQuit":false,"coldImmune":false}
{"timestamp":"2023-08-25T14:42:56.511Z","name":"sighberthree","class":"Sorceress","level":95,"fcr":139,"teleportTime":5188,"killTime":null,"viperQuit":true,"coldImmune":false}
{"timestamp":"2023-08-25T14:42:59.284Z","name":"sighbertwo","class":"Sorceress","level":94,"fcr":143,"teleportTime":5906,"killTime":10109,"viperQuit":false,"coldImmune":false}
{"timestamp":"2023-08-25T14:45:50.692Z","name":"sighberthree","class":"Sorceress","level":95,"fcr":139,"teleportTime":5656,"killTime":2109,"viperQuit":false,"coldImmune":false}
{"timestamp":"2023-08-25T14:46:18.564Z","name":"sighbertwo","class":"Sorceress","level":94,"fcr":143,"teleportTime":5828,"killTime":null,"viperQuit":false,"coldImmune":false}
{"timestamp":"2023-08-25T14:50:18.499Z","name":"sighbertwo","class":"Sorceress","level":94,"fcr":143,"teleportTime":4844,"killTime":null,"viperQuit":true,"coldImmune":false}
{"timestamp":"2023-08-25T14:51:30.383Z","name":"sighberthree","class":"Sorceress","level":95,"fcr":139,"teleportTime":4828,"killTime":null,"viperQuit":true,"coldImmune":false}
{"timestamp":"2023-08-25T14:53:48.262Z","name":"sighbertwo","class":"Sorceress","level":94,"fcr":143,"teleportTime":5187,"killTime":null,"viperQuit":true,"coldImmune":false}
{"timestamp":"2023-08-25T14:56:20.049Z","name":"sighberthree","class":"Sorceress","level":95,"fcr":139,"teleportTime":24437,"killTime":2094,"viperQuit":false,"coldImmune":false}
{"timestamp":"2023-08-25T14:57:25.809Z","name":"sighbertwo","class":"Sorceress","level":94,"fcr":143,"teleportTime":4828,"killTime":null,"viperQuit":true,"coldImmune":false}
{"timestamp":"2023-08-25T15:01:06.109Z","name":"sighbertwo","class":"Sorceress","level":94,"fcr":143,"teleportTime":5032,"killTime":null,"viperQuit":true,"coldImmune":false}
{"timestamp":"2023-08-25T15:04:42.946Z","name":"sighbertwo","class":"Sorceress","level":94,"fcr":143,"teleportTime":4891,"killTime":3906,"viperQuit":false,"coldImmune":false}
{"timestamp":"2023-08-25T15:08:18.880Z","name":"sighbertwo","class":"Sorceress","level":94,"fcr":143,"teleportTime":5218,"killTime":null,"viperQuit":true,"coldImmune":false}
{"timestamp":"2023-08-25T15:08:29.034Z","name":"sighberthree","class":"Sorceress","level":95,"fcr":139,"teleportTime":4953,"killTime":null,"viperQuit":true,"coldImmune":false}
{"timestamp":"2023-08-25T15:11:49.507Z","name":"sighbertwo","class":"Sorceress","level":94,"fcr":143,"teleportTime":5765,"killTime":null,"viperQuit":true,"coldImmune":false}
{"timestamp":"2023-08-25T15:15:26.343Z","name":"sighbertwo","class":"Sorceress","level":94,"fcr":143,"teleportTime":4875,"killTime":15750,"viperQuit":false,"coldImmune":false}
{"timestamp":"2023-08-25T15:15:52.986Z","name":"sighberthree","class":"Sorceress","level":95,"fcr":139,"teleportTime":5641,"killTime":null,"viperQuit":true,"coldImmune":false}
{"timestamp":"2023-08-25T15:19:02.492Z","name":"sighberthree","class":"Sorceress","level":95,"fcr":139,"teleportTime":4828,"killTime":6422,"viperQuit":false,"coldImmune":false}
{"timestamp":"2023-08-25T15:18:45.719Z","name":"sighbertwo","class":"Sorceress","level":94,"fcr":143,"teleportTime":4969,"killTime":21890,"viperQuit":false,"coldImmune":false}
{"timestamp":"2023-08-25T15:22:41.817Z","name":"sighbertwo","class":"Sorceress","level":94,"fcr":143,"teleportTime":5922,"killTime":14047,"viperQuit":false,"coldImmune":false}
{"timestamp":"2023-08-25T15:26:17.787Z","name":"sighbertwo","class":"Sorceress","level":94,"fcr":143,"teleportTime":4906,"killTime":9969,"viperQuit":false,"coldImmune":false}
{"timestamp":"2023-08-25T15:27:39.878Z","name":"sighberthree","class":"Sorceress","level":95,"fcr":139,"teleportTime":4953,"killTime":6547,"viperQuit":false,"coldImmune":false}
{"timestamp":"2023-08-25T15:30:08.549Z","name":"sighbertwo","class":"Sorceress","level":94,"fcr":143,"teleportTime":5156,"killTime":null,"viperQuit":true,"coldImmune":false}
{"timestamp":"2023-08-25T15:32:26.087Z","name":"sighberthree","class":"Sorceress","level":95,"fcr":139,"teleportTime":4750,"killTime":3265,"viperQuit":false,"coldImmune":false}
{"timestamp":"2023-08-25T15:33:46.218Z","name":"sighbertwo","class":"Sorceress","level":94,"fcr":143,"teleportTime":4860,"killTime":10234,"viperQuit":false,"coldImmune":false}
{"timestamp":"2023-08-25T15:37:18.027Z","name":"sighbertwo","class":"Sorceress","level":94,"fcr":143,"teleportTime":5234,"killTime":6484,"viperQuit":false,"coldImmune":false}
{"timestamp":"2023-08-25T15:40:41.888Z","name":"sighbertwo","class":"Sorceress","level":94,"fcr":143,"teleportTime":5813,"killTime":null,"viperQuit":false,"coldImmune":false}
{"timestamp":"2023-08-25T15:43:01.317Z","name":"sighberthree","class":"Sorceress","level":95,"fcr":139,"teleportTime":5656,"killTime":17922,"viperQuit":false,"coldImmune":false}
{"timestamp":"2023-08-25T15:44:27.698Z","name":"sighbertwo","class":"Sorceress","level":94,"fcr":143,"teleportTime":4844,"killTime":null,"viperQuit":false,"coldImmune":false}
{"timestamp":"2023-08-25T15:47:45.093Z","name":"sighbertwo","class":"Sorceress","level":94,"fcr":143,"teleportTime":4875,"killTime":null,"viperQuit":true,"coldImmune":false}
{"timestamp":"2023-08-25T15:48:05.004Z","name":"sighberthree","class":"Sorceress","level":95,"fcr":139,"teleportTime":5562,"killTime":8281,"viperQuit":false,"coldImmune":false}
{"timestamp":"2023-08-25T15:51:30.588Z","name":"sighbertwo","class":"Sorceress","level":94,"fcr":143,"teleportTime":4891,"killTime":null,"viperQuit":true,"coldImmune":false}
{"timestamp":"2023-08-25T15:55:13.770Z","name":"sighbertwo","class":"Sorceress","level":94,"fcr":143,"teleportTime":4860,"killTime":11750,"viperQuit":false,"coldImmune":false}
{"timestamp":"2023-08-25T15:58:50.518Z","name":"sighbertwo","class":"Sorceress","level":94,"fcr":143,"teleportTime":4844,"killTime":null,"viperQuit":true,"coldImmune":false}
{"timestamp":"2023-08-25T15:59:39.226Z","name":"sighberthree","class":"Sorceress","level":95,"fcr":139,"teleportTime":4782,"killTime":null,"viperQuit":true,"coldImmune":false}
{"timestamp":"2023-08-25T16:02:28.039Z","name":"sighbertwo","class":"Sorceress","level":94,"fcr":143,"teleportTime":4829,"killTime":1968,"viperQuit":false,"coldImmune":false}
{"timestamp":"2023-08-25T16:03:30.562Z","name":"sighberthree","class":"Sorceress","level":95,"fcr":139,"teleportTime":4703,"killTime":12969,"viperQuit":false,"coldImmune":false}
{"timestamp":"2023-08-25T16:05:46.586Z","name":"sighbertwo","class":"Sorceress","level":94,"fcr":143,"teleportTime":5797,"killTime":null,"viperQuit":true,"coldImmune":false}
{"timestamp":"2023-08-25T16:08:31.855Z","name":"sighberthree","class":"Sorceress","level":95,"fcr":139,"teleportTime":4687,"killTime":null,"viperQuit":true,"coldImmune":false}
{"timestamp":"2023-08-25T16:09:38.225Z","name":"sighbertwo","class":"Sorceress","level":94,"fcr":143,"teleportTime":5250,"killTime":null,"viperQuit":true,"coldImmune":false}
{"timestamp":"2023-08-25T16:12:59.358Z","name":"sighbertwo","class":"Sorceress","level":94,"fcr":143,"teleportTime":5188,"killTime":null,"viperQuit":true,"coldImmune":false}
{"timestamp":"2023-08-25T16:14:27.678Z","name":"sighberthree","class":"Sorceress","level":95,"fcr":139,"teleportTime":5063,"killTime":null,"viperQuit":true,"coldImmune":false}
{"timestamp":"2023-08-25T16:16:56.412Z","name":"sighbertwo","class":"Sorceress","level":94,"fcr":143,"teleportTime":4875,"killTime":null,"viperQuit":true,"coldImmune":false}
{"timestamp":"2023-08-25T16:17:42.005Z","name":"sighberthree","class":"Sorceress","level":95,"fcr":139,"teleportTime":5110,"killTime":32250,"viperQuit":false,"coldImmune":false}
{"timestamp":"2023-08-25T16:20:34.831Z","name":"sighbertwo","class":"Sorceress","level":94,"fcr":143,"teleportTime":5703,"killTime":null,"viperQuit":true,"coldImmune":false}
{"timestamp":"2023-08-25T16:21:23.275Z","name":"sighberthree","class":"Sorceress","level":95,"fcr":139,"teleportTime":4766,"killTime":null,"viperQuit":true,"coldImmune":false}
{"timestamp":"2023-08-25T16:24:11.472Z","name":"sighbertwo","class":"Sorceress","level":94,"fcr":143,"teleportTime":4890,"killTime":5516,"viperQuit":false,"coldImmune":false}
{"timestamp":"2023-08-25T16:27:42.095Z","name":"sighbertwo","class":"Sorceress","level":94,"fcr":143,"teleportTime":4875,"killTime":11734,"viperQuit":false,"coldImmune":false}
{"timestamp":"2023-08-25T16:28:37.966Z","name":"sighberthree","class":"Sorceress","level":95,"fcr":139,"teleportTime":4703,"killTime":2078,"viperQuit":false,"coldImmune":false}
{"timestamp":"2023-08-25T17:00:52.304Z","name":"sighbertwo","class":"Sorceress","level":94,"fcr":143,"teleportTime":4875,"killTime":null,"viperQuit":false,"coldImmune":false}
{"timestamp":"2023-08-25T17:04:07.373Z","name":"sighbertwo","class":"Sorceress","level":94,"fcr":143,"teleportTime":5000,"killTime":null,"viperQuit":false,"coldImmune":false}
{"timestamp":"2023-08-25T17:05:04.360Z","name":"sighberthree","class":"Sorceress","level":95,"fcr":139,"teleportTime":5875,"killTime":36312,"viperQuit":false,"coldImmune":false}
{"timestamp":"2023-08-25T17:07:45.802Z","name":"sighbertwo","class":"Sorceress","level":94,"fcr":143,"teleportTime":5734,"killTime":null,"viperQuit":false,"coldImmune":false}
{"timestamp":"2023-08-25T17:08:48.237Z","name":"sighberthree","class":"Sorceress","level":95,"fcr":139,"teleportTime":4703,"killTime":6500,"viperQuit":false,"coldImmune":false}
{"timestamp":"2023-08-25T17:11:22.497Z","name":"sighbertwo","class":"Sorceress","level":94,"fcr":143,"teleportTime":5391,"killTime":null,"viperQuit":false,"coldImmune":false}
{"timestamp":"2023-08-25T17:13:36.683Z","name":"sighberthree","class":"Sorceress","level":95,"fcr":139,"teleportTime":4844,"killTime":null,"viperQuit":true,"coldImmune":false}
{"timestamp":"2023-08-25T17:15:14.144Z","name":"sighbertwo","class":"Sorceress","level":94,"fcr":143,"teleportTime":4891,"killTime":4578,"viperQuit":false,"coldImmune":false}
{"timestamp":"2023-08-25T17:18:49.672Z","name":"sighbertwo","class":"Sorceress","level":94,"fcr":143,"teleportTime":4828,"killTime":null,"viperQuit":true,"coldImmune":false}
{"timestamp":"2023-08-25T17:19:55.725Z","name":"sighberthree","class":"Sorceress","level":95,"fcr":139,"teleportTime":5250,"killTime":7500,"viperQuit":false,"coldImmune":false}
{"timestamp":"2023-08-25T17:22:11.185Z","name":"sighbertwo","class":"Sorceress","level":94,"fcr":143,"teleportTime":4922,"killTime":null,"viperQuit":true,"coldImmune":false}
{"timestamp":"2023-08-25T17:25:47.597Z","name":"sighbertwo","class":"Sorceress","level":94,"fcr":143,"teleportTime":5360,"killTime":null,"viperQuit":true,"coldImmune":false}
{"timestamp":"2023-08-25T17:29:40.775Z","name":"sighbertwo","class":"Sorceress","level":94,"fcr":143,"teleportTime":5188,"killTime":5437,"viperQuit":false,"coldImmune":false}
{"timestamp":"2023-08-25T17:31:38.709Z","name":"sighberthree","class":"Sorceress","level":95,"fcr":139,"teleportTime":5719,"killTime":null,"viperQuit":true,"coldImmune":false}
{"timestamp":"2023-08-25T17:33:17.415Z","name":"sighbertwo","class":"Sorceress","level":94,"fcr":143,"teleportTime":5203,"killTime":19438,"viperQuit":false,"coldImmune":false}
{"timestamp":"2023-08-25T17:35:25.927Z","name":"sighberthree","class":"Sorceress","level":95,"fcr":139,"teleportTime":4860,"killTime":19297,"viperQuit":false,"coldImmune":false}
{"timestamp":"2023-08-25T17:36:53.547Z","name":"sighbertwo","class":"Sorceress","level":94,"fcr":143,"teleportTime":5750,"killTime":5609,"viperQuit":false,"coldImmune":false}
{"timestamp":"2023-08-25T17:43:22.484Z","name":"sighberthree","class":"Sorceress","level":95,"fcr":139,"teleportTime":5703,"killTime":6516,"viperQuit":false,"coldImmune":false}
{"timestamp":"2023-08-25T17:43:47.939Z","name":"sighbertwo","class":"Sorceress","level":94,"fcr":143,"teleportTime":4922,"killTime":3844,"viperQuit":false,"coldImmune":false}
{"timestamp":"2023-08-25T17:46:23.493Z","name":"sighbertwo","class":"Sorceress","level":94,"fcr":143,"teleportTime":5329,"killTime":6218,"viperQuit":false,"coldImmune":false}
{"timestamp":"2023-08-25T17:49:37.733Z","name":"sighbertwo","class":"Sorceress","level":94,"fcr":143,"teleportTime":4891,"killTime":null,"viperQuit":false,"coldImmune":false}
{"timestamp":"2023-08-25T17:51:38.740Z","name":"sighberthree","class":"Sorceress","level":95,"fcr":139,"teleportTime":4828,"killTime":6359,"viperQuit":false,"coldImmune":false}
{"timestamp":"2023-08-25T17:53:29.872Z","name":"sighbertwo","class":"Sorceress","level":94,"fcr":143,"teleportTime":4875,"killTime":30422,"viperQuit":false,"coldImmune":false}
{"timestamp":"2023-08-25T17:57:14.409Z","name":"sighbertwo","class":"Sorceress","level":94,"fcr":143,"teleportTime":5938,"killTime":null,"viperQuit":false,"coldImmune":false}
{"timestamp":"2023-08-25T18:00:41.787Z","name":"sighbertwo","class":"Sorceress","level":94,"fcr":143,"teleportTime":5156,"killTime":5672,"viperQuit":false,"coldImmune":false}
{"timestamp":"2023-08-25T18:02:18.820Z","name":"sighberthree","class":"Sorceress","level":95,"fcr":139,"teleportTime":5641,"killTime":2609,"viperQuit":false,"coldImmune":false}
{"timestamp":"2023-08-25T18:04:08.582Z","name":"sighbertwo","class":"Sorceress","level":94,"fcr":143,"teleportTime":4937,"killTime":7672,"viperQuit":false,"coldImmune":false}
{"timestamp":"2023-08-25T18:07:54.851Z","name":"sighbertwo","class":"Sorceress","level":94,"fcr":143,"teleportTime":4844,"killTime":null,"viperQuit":false,"coldImmune":false}
{"timestamp":"2023-08-25T18:10:48.365Z","name":"sighberthree","class":"Sorceress","level":95,"fcr":139,"teleportTime":4718,"killTime":null,"viperQuit":true,"coldImmune":false}
{"timestamp":"2023-08-25T18:11:35.254Z","name":"sighbertwo","class":"Sorceress","level":94,"fcr":143,"teleportTime":5782,"killTime":9281,"viperQuit":false,"coldImmune":false}
{"timestamp":"2023-08-25T18:15:08.498Z","name":"sighbertwo","class":"Sorceress","level":94,"fcr":143,"teleportTime":4875,"killTime":5328,"viperQuit":false,"coldImmune":false}
{"timestamp":"2023-08-25T18:18:43.196Z","name":"sighbertwo","class":"Sorceress","level":94,"fcr":143,"teleportTime":5266,"killTime":5625,"viperQuit":false,"coldImmune":false}
{"timestamp":"2023-08-25T18:22:02.271Z","name":"sighberthree","class":"Sorceress","level":95,"fcr":139,"teleportTime":5766,"killTime":null,"viperQuit":true,"coldImmune":false}
{"timestamp":"2023-08-25T18:22:24.233Z","name":"sighbertwo","class":"Sorceress","level":94,"fcr":143,"teleportTime":5000,"killTime":null,"viperQuit":true,"coldImmune":false}
{"timestamp":"2023-08-25T18:26:04.805Z","name":"sighbertwo","class":"Sorceress","level":94,"fcr":143,"teleportTime":4906,"killTime":22984,"viperQuit":false,"coldImmune":false}
{"timestamp":"2023-08-25T18:29:33.298Z","name":"sighbertwo","class":"Sorceress","level":94,"fcr":143,"teleportTime":4875,"killTime":20875,"viperQuit":false,"coldImmune":false}
{"timestamp":"2023-08-25T18:33:15.327Z","name":"sighbertwo","class":"Sorceress","level":94,"fcr":143,"teleportTime":4953,"killTime":7125,"viperQuit":false,"coldImmune":false}
{"timestamp":"2023-08-25T18:36:44.773Z","name":"sighbertwo","class":"Sorceress","level":94,"fcr":143,"teleportTime":4953,"killTime":null,"viperQuit":true,"coldImmune":false}
{"timestamp":"2023-08-25T18:40:24.643Z","name":"sighbertwo","class":"Sorceress","level":94,"fcr":143,"teleportTime":5921,"killTime":9375,"viperQuit":false,"coldImmune":false}
{"timestamp":"2023-08-25T18:43:52.065Z","name":"sighbertwo","class":"Sorceress","level":94,"fcr":143,"teleportTime":5781,"killTime":null,"viperQuit":true,"coldImmune":false}
{"timestamp":"2023-08-25T18:47:42.970Z","name":"sighbertwo","class":"Sorceress","level":94,"fcr":143,"teleportTime":5266,"killTime":null,"viperQuit":false,"coldImmune":false}
{"timestamp":"2023-08-25T18:48:10.550Z","name":"sighberthree","class":"Sorceress","level":95,"fcr":139,"teleportTime":5282,"killTime":45703,"viperQuit":false,"coldImmune":false}
{"timestamp":"2023-08-25T18:51:19.558Z","name":"sighbertwo","class":"Sorceress","level":94,"fcr":143,"teleportTime":4922,"killTime":15969,"viperQuit":false,"coldImmune":false}
{"timestamp":"2023-08-25T19:01:02.529Z","name":"sighbertwo","class":"Sorceress","level":94,"fcr":143,"teleportTime":4844,"killTime":null,"viperQuit":false,"coldImmune":false}
{"timestamp":"2023-08-25T19:03:56.135Z","name":"sighberthree","class":"Sorceress","level":95,"fcr":139,"teleportTime":18281,"killTime":null,"viperQuit":true,"coldImmune":false}
{"timestamp":"2023-08-25T19:04:54.647Z","name":"sighbertwo","class":"Sorceress","level":94,"fcr":143,"teleportTime":4859,"killTime":4516,"viperQuit":false,"coldImmune":false}
{"timestamp":"2023-08-25T19:08:15.186Z","name":"sighberthree","class":"Sorceress","level":95,"fcr":139,"teleportTime":5578,"killTime":null,"viperQuit":true,"coldImmune":false}
{"timestamp":"2023-08-25T19:08:15.076Z","name":"sighbertwo","class":"Sorceress","level":94,"fcr":143,"teleportTime":5735,"killTime":null,"viperQuit":true,"coldImmune":false}
{"timestamp":"2023-08-25T19:12:08.446Z","name":"sighberthree","class":"Sorceress","level":95,"fcr":139,"teleportTime":4907,"killTime":null,"viperQuit":true,"coldImmune":false}
{"timestamp":"2023-08-25T19:12:14.117Z","name":"sighbertwo","class":"Sorceress","level":94,"fcr":143,"teleportTime":4829,"killTime":null,"viperQuit":true,"coldImmune":false}
{"timestamp":"2023-08-25T19:15:44.185Z","name":"sighbertwo","class":"Sorceress","level":94,"fcr":143,"teleportTime":4922,"killTime":null,"viperQuit":false,"coldImmune":false}
{"timestamp":"2023-08-25T19:19:27.159Z","name":"sighbertwo","class":"Sorceress","level":94,"fcr":143,"teleportTime":5203,"killTime":null,"viperQuit":false,"coldImmune":false}
{"timestamp":"2023-08-25T19:22:56.027Z","name":"sighbertwo","class":"Sorceress","level":94,"fcr":143,"teleportTime":5235,"killTime":6125,"viperQuit":false,"coldImmune":false}
{"timestamp":"2023-08-25T19:26:31.311Z","name":"sighbertwo","class":"Sorceress","level":94,"fcr":143,"teleportTime":4922,"killTime":null,"viperQuit":true,"coldImmune":false}
{"timestamp":"2023-08-25T19:29:58.736Z","name":"sighberthree","class":"Sorceress","level":95,"fcr":139,"teleportTime":5063,"killTime":null,"viperQuit":true,"coldImmune":false}
{"timestamp":"2023-08-25T19:30:07.716Z","name":"sighbertwo","class":"Sorceress","level":94,"fcr":143,"teleportTime":5718,"killTime":null,"viperQuit":true,"coldImmune":false}
{"timestamp":"2023-08-25T19:33:29.448Z","name":"sighbertwo","class":"Sorceress","level":94,"fcr":143,"teleportTime":4828,"killTime":10532,"viperQuit":false,"coldImmune":false}
{"timestamp":"2023-08-25T19:37:26.329Z","name":"sighbertwo","class":"Sorceress","level":94,"fcr":143,"teleportTime":5797,"killTime":4062,"viperQuit":false,"coldImmune":false}
{"timestamp":"2023-08-25T19:41:03.501Z","name":"sighbertwo","class":"Sorceress","level":94,"fcr":143,"teleportTime":4828,"killTime":18016,"viperQuit":false,"coldImmune":false}
{"timestamp":"2023-08-25T19:44:37.805Z","name":"sighbertwo","class":"Sorceress","level":94,"fcr":143,"teleportTime":4828,"killTime":null,"viperQuit":true,"coldImmune":false}
{"timestamp":"2023-08-25T19:48:09.195Z","name":"sighbertwo","class":"Sorceress","level":94,"fcr":143,"teleportTime":5656,"killTime":null,"viperQuit":true,"coldImmune":false}
{"timestamp":"2023-08-25T19:48:21.565Z","name":"sighberthree","class":"Sorceress","level":95,"fcr":105,"teleportTime":5079,"killTime":39203,"viperQuit":false,"coldImmune":false}
{"timestamp":"2023-08-25T19:51:41.714Z","name":"sighbertwo","class":"Sorceress","level":94,"fcr":143,"teleportTime":5188,"killTime":5469,"viperQuit":false,"coldImmune":false}
{"timestamp":"2023-08-25T19:59:13.369Z","name":"sighbertwo","class":"Sorceress","level":94,"fcr":143,"teleportTime":4813,"killTime":4531,"viperQuit":false,"coldImmune":false}
{"timestamp":"2023-08-25T20:02:20.123Z","name":"sighbertwo","class":"Sorceress","level":94,"fcr":143,"teleportTime":4828,"killTime":null,"viperQuit":true,"coldImmune":false}
{"timestamp":"2023-08-25T20:04:12.672Z","name":"sighberthree","class":"Sorceress","level":95,"fcr":139,"teleportTime":5703,"killTime":2469,"viperQuit":false,"coldImmune":false}
{"timestamp":"2023-08-25T20:06:15.959Z","name":"sighbertwo","class":"Sorceress","level":94,"fcr":143,"teleportTime":4860,"killTime":4390,"viperQuit":false,"coldImmune":false}
{"timestamp":"2023-08-25T20:09:48.538Z","name":"sighbertwo","class":"Sorceress","level":94,"fcr":143,"teleportTime":4860,"killTime":null,"viperQuit":true,"coldImmune":false}
{"timestamp":"2023-08-25T20:13:23.916Z","name":"sighbertwo","class":"Sorceress","level":94,"fcr":143,"teleportTime":5718,"killTime":21204,"viperQuit":false,"coldImmune":false}
{"timestamp":"2023-08-25T20:15:43.837Z","name":"sighberthree","class":"Sorceress","level":95,"fcr":139,"teleportTime":5266,"killTime":8672,"viperQuit":false,"coldImmune":false}
{"timestamp":"2023-08-25T20:16:45.430Z","name":"sighbertwo","class":"Sorceress","level":94,"fcr":143,"teleportTime":4875,"killTime":8703,"viperQuit":false,"coldImmune":false}
{"timestamp":"2023-08-25T20:20:21.777Z","name":"sighbertwo","class":"Sorceress","level":94,"fcr":143,"teleportTime":5156,"killTime":3437,"viperQuit":false,"coldImmune":false}
{"timestamp":"2023-08-25T20:25:02.054Z","name":"sighbertwo","class":"Sorceress","level":94,"fcr":143,"teleportTime":4829,"killTime":null,"viperQuit":false,"coldImmune":false}
{"timestamp":"2023-08-25T20:28:32.520Z","name":"sighbertwo","class":"Sorceress","level":94,"fcr":143,"teleportTime":5640,"killTime":5860,"viperQuit":false,"coldImmune":false}
{"timestamp":"2023-08-25T20:32:09.823Z","name":"sighbertwo","class":"Sorceress","level":94,"fcr":143,"teleportTime":4937,"killTime":9610,"viperQuit":false,"coldImmune":false}
{"timestamp":"2023-08-25T20:35:44.809Z","name":"sighbertwo","class":"Sorceress","level":94,"fcr":143,"teleportTime":5235,"killTime":22343,"viperQuit":false,"coldImmune":false}
{"timestamp":"2023-08-25T20:37:42.881Z","name":"sighberthree","class":"Sorceress","level":95,"fcr":139,"teleportTime":4735,"killTime":null,"viperQuit":true,"coldImmune":false}
{"timestamp":"2023-08-25T20:39:20.783Z","name":"sighbertwo","class":"Sorceress","level":94,"fcr":143,"teleportTime":4891,"killTime":12062,"viperQuit":false,"coldImmune":false}
{"timestamp":"2023-08-25T20:42:55.576Z","name":"sighbertwo","class":"Sorceress","level":94,"fcr":143,"teleportTime":4860,"killTime":null,"viperQuit":true,"coldImmune":false}
{"timestamp":"2023-08-25T20:46:33.747Z","name":"sighbertwo","class":"Sorceress","level":94,"fcr":143,"teleportTime":5781,"killTime":16578,"viperQuit":false,"coldImmune":false}
{"timestamp":"2023-08-25T20:50:09.225Z","name":"sighbertwo","class":"Sorceress","level":94,"fcr":143,"teleportTime":4890,"killTime":44906,"viperQuit":false,"coldImmune":false}
{"timestamp":"2023-08-25T20:50:49.610Z","name":"sighberthree","class":"Sorceress","level":95,"fcr":139,"teleportTime":4766,"killTime":30969,"viperQuit":false,"coldImmune":false}
{"timestamp":"2023-08-25T20:56:27.911Z","name":"sighbertwo","class":"Sorceress","level":94,"fcr":143,"teleportTime":4781,"killTime":null,"viperQuit":false,"coldImmune":false}
{"timestamp":"2023-08-25T20:57:14.656Z","name":"sighberthree","class":"Sorceress","level":95,"fcr":139,"teleportTime":4828,"killTime":null,"viperQuit":true,"coldImmune":false}
{"timestamp":"2023-08-25T20:59:52.593Z","name":"sighberthree","class":"Sorceress","level":95,"fcr":139,"teleportTime":5031,"killTime":null,"viperQuit":true,"coldImmune":false}
{"timestamp":"2023-08-25T21:00:07.929Z","name":"sighbertwo","class":"Sorceress","level":94,"fcr":143,"teleportTime":6437,"killTime":null,"viperQuit":true,"coldImmune":false}
{"timestamp":"2023-08-25T21:03:40.846Z","name":"sighbertwo","class":"Sorceress","level":94,"fcr":143,"teleportTime":5704,"killTime":null,"viperQuit":false,"coldImmune":false}
{"timestamp":"2023-08-25T21:06:57.903Z","name":"sighberthree","class":"Sorceress","level":95,"fcr":139,"teleportTime":4781,"killTime":10047,"viperQuit":false,"coldImmune":false}
{"timestamp":"2023-08-25T21:07:16.289Z","name":"sighbertwo","class":"Sorceress","level":94,"fcr":143,"teleportTime":4891,"killTime":null,"viperQuit":false,"coldImmune":false}
{"timestamp":"2023-08-25T21:10:38.013Z","name":"sighbertwo","class":"Sorceress","level":94,"fcr":143,"teleportTime":4875,"killTime":null,"viperQuit":true,"coldImmune":false}
{"timestamp":"2023-08-25T21:14:33.562Z","name":"sighbertwo","class":"Sorceress","level":94,"fcr":143,"teleportTime":5750,"killTime":null,"viperQuit":true,"coldImmune":false}
{"timestamp":"2023-08-25T21:18:00.001Z","name":"sighbertwo","class":"Sorceress","level":94,"fcr":143,"teleportTime":4875,"killTime":null,"viperQuit":false,"coldImmune":false}
{"timestamp":"2023-08-25T21:21:43.923Z","name":"sighbertwo","class":"Sorceress","level":94,"fcr":143,"teleportTime":5750,"killTime":10312,"viperQuit":false,"coldImmune":false}
{"timestamp":"2023-08-25T21:22:59.209Z","name":"sighberthree","class":"Sorceress","level":95,"fcr":139,"teleportTime":5109,"killTime":6016,"viperQuit":false,"coldImmune":false}
{"timestamp":"2023-08-25T21:25:24.513Z","name":"sighbertwo","class":"Sorceress","level":94,"fcr":143,"teleportTime":4938,"killTime":null,"viperQuit":true,"coldImmune":false}
{"timestamp":"2023-08-25T21:29:00.622Z","name":"sighbertwo","class":"Sorceress","level":94,"fcr":143,"teleportTime":6218,"killTime":null,"viperQuit":true,"coldImmune":false}
{"timestamp":"2023-08-25T21:32:30.694Z","name":"sighbertwo","class":"Sorceress","level":94,"fcr":143,"teleportTime":4828,"killTime":20813,"viperQuit":false,"coldImmune":false}
{"timestamp":"2023-08-25T21:35:30.576Z","name":"sighberthree","class":"Sorceress","level":95,"fcr":139,"teleportTime":4813,"killTime":13500,"viperQuit":false,"coldImmune":false}
{"timestamp":"2023-08-25T21:36:07.098Z","name":"sighbertwo","class":"Sorceress","level":94,"fcr":143,"teleportTime":5735,"killTime":14219,"viperQuit":false,"coldImmune":false}
{"timestamp":"2023-08-25T21:39:50.651Z","name":"sighbertwo","class":"Sorceress","level":94,"fcr":143,"teleportTime":5297,"killTime":null,"viperQuit":true,"coldImmune":false}
{"timestamp":"2023-08-25T21:43:27.188Z","name":"sighbertwo","class":"Sorceress","level":94,"fcr":143,"teleportTime":5734,"killTime":null,"viperQuit":false,"coldImmune":false}
{"timestamp":"2023-08-25T21:46:55.392Z","name":"sighbertwo","class":"Sorceress","level":94,"fcr":143,"teleportTime":4906,"killTime":null,"viperQuit":true,"coldImmune":false}
{"timestamp":"2023-08-25T21:50:33.261Z","name":"sighbertwo","class":"Sorceress","level":94,"fcr":143,"teleportTime":4969,"killTime":10266,"viperQuit":false,"coldImmune":false}
{"timestamp":"2023-08-25T21:54:15.303Z","name":"sighbertwo","class":"Sorceress","level":94,"fcr":143,"teleportTime":5203,"killTime":7047,"viperQuit":false,"coldImmune":false}
{"timestamp":"2023-08-25T21:57:30.408Z","name":"sighbertwo","class":"Sorceress","level":94,"fcr":143,"teleportTime":5266,"killTime":5687,"viperQuit":false,"coldImmune":false}
{"timestamp":"2023-08-25T22:01:30.140Z","name":"sighbertwo","class":"Sorceress","level":94,"fcr":143,"teleportTime":4844,"killTime":null,"viperQuit":true,"coldImmune":false}
{"timestamp":"2023-08-25T22:05:04.404Z","name":"sighbertwo","class":"Sorceress","level":94,"fcr":143,"teleportTime":4828,"killTime":12593,"viperQuit":false,"coldImmune":false}
{"timestamp":"2023-08-25T22:08:44.196Z","name":"sighbertwo","class":"Sorceress","level":94,"fcr":143,"teleportTime":5297,"killTime":5625,"viperQuit":false,"coldImmune":false}
{"timestamp":"2023-08-25T22:12:00.823Z","name":"sighbertwo","class":"Sorceress","level":94,"fcr":143,"teleportTime":4922,"killTime":null,"viperQuit":true,"coldImmune":false}
{"timestamp":"2023-08-25T22:14:00.109Z","name":"sighberthree","class":"Sorceress","level":95,"fcr":139,"teleportTime":4891,"killTime":null,"viperQuit":true,"coldImmune":false}
{"timestamp":"2023-08-25T22:15:53.851Z","name":"sighbertwo","class":"Sorceress","level":94,"fcr":143,"teleportTime":5266,"killTime":null,"viperQuit":true,"coldImmune":false}
{"timestamp":"2023-08-25T22:17:10.247Z","name":"sighberthree","class":"Sorceress","level":95,"fcr":139,"teleportTime":5094,"killTime":23750,"viperQuit":false,"coldImmune":false}
{"timestamp":"2023-08-26T00:32:18.657Z","name":"sighbertwo","class":"Sorceress","level":94,"fcr":143,"teleportTime":4828,"killTime":null,"viperQuit":false,"coldImmune":false}
{"timestamp":"2023-08-26T00:35:52.534Z","name":"sighbertwo","class":"Sorceress","level":94,"fcr":143,"teleportTime":4937,"killTime":7329,"viperQuit":false,"coldImmune":false}
{"timestamp":"2023-08-26T00:39:27.943Z","name":"sighbertwo","class":"Sorceress","level":94,"fcr":143,"teleportTime":4844,"killTime":10625,"viperQuit":false,"coldImmune":false}
{"timestamp":"2023-08-26T00:43:04.301Z","name":"sighbertwo","class":"Sorceress","level":94,"fcr":143,"teleportTime":4906,"killTime":null,"viperQuit":true,"coldImmune":false}
{"timestamp":"2023-08-26T00:43:12.152Z","name":"sighberthree","class":"Sorceress","level":95,"fcr":139,"teleportTime":5078,"killTime":11360,"viperQuit":false,"coldImmune":false}
{"timestamp":"2023-08-26T00:46:43.963Z","name":"sighbertwo","class":"Sorceress","level":94,"fcr":143,"teleportTime":4969,"killTime":2094,"viperQuit":false,"coldImmune":false}
{"timestamp":"2023-08-26T00:48:22.239Z","name":"sighberthree","class":"Sorceress","level":95,"fcr":139,"teleportTime":4734,"killTime":7297,"viperQuit":false,"coldImmune":false}
{"timestamp":"2023-08-26T00:50:17.921Z","name":"sighbertwo","class":"Sorceress","level":94,"fcr":143,"teleportTime":4829,"killTime":null,"viperQuit":true,"coldImmune":false}
{"timestamp":"2023-08-26T00:53:55.835Z","name":"sighbertwo","class":"Sorceress","level":94,"fcr":143,"teleportTime":4813,"killTime":null,"viperQuit":true,"coldImmune":false}
{"timestamp":"2023-08-26T00:57:28.823Z","name":"sighbertwo","class":"Sorceress","level":94,"fcr":143,"teleportTime":5844,"killTime":null,"viperQuit":true,"coldImmune":false}
{"timestamp":"2023-08-26T00:57:52.373Z","name":"sighberthree","class":"Sorceress","level":95,"fcr":139,"teleportTime":5641,"killTime":null,"viperQuit":true,"coldImmune":false}
{"timestamp":"2023-08-26T01:01:05.235Z","name":"sighbertwo","class":"Sorceress","level":94,"fcr":143,"teleportTime":5765,"killTime":7000,"viperQuit":false,"coldImmune":false}
{"timestamp":"2023-08-26T01:01:22.848Z","name":"sighberthree","class":"Sorceress","level":95,"fcr":139,"teleportTime":4735,"killTime":null,"viperQuit":true,"coldImmune":false}
{"timestamp":"2023-08-26T01:04:26.659Z","name":"sighbertwo","class":"Sorceress","level":94,"fcr":143,"teleportTime":4937,"killTime":null,"viperQuit":true,"coldImmune":false}
{"timestamp":"2023-08-26T01:07:51.464Z","name":"sighberthree","class":"Sorceress","level":95,"fcr":139,"teleportTime":4765,"killTime":7750,"viperQuit":false,"coldImmune":false}
{"timestamp":"2023-08-26T01:08:18.957Z","name":"sighbertwo","class":"Sorceress","level":94,"fcr":143,"teleportTime":5328,"killTime":null,"viperQuit":true,"coldImmune":false}
{"timestamp":"2023-08-26T01:11:10.646Z","name":"sighberthree","class":"Sorceress","level":95,"fcr":139,"teleportTime":4953,"killTime":48140,"viperQuit":false,"coldImmune":false}
{"timestamp":"2023-08-26T01:11:59.635Z","name":"sighbertwo","class":"Sorceress","level":94,"fcr":143,"teleportTime":4906,"killTime":10938,"viperQuit":false,"coldImmune":false}
{"timestamp":"2023-08-26T01:15:32.239Z","name":"sighberthree","class":"Sorceress","level":95,"fcr":139,"teleportTime":4718,"killTime":null,"viperQuit":true,"coldImmune":false}
{"timestamp":"2023-08-26T01:15:30.579Z","name":"sighbertwo","class":"Sorceress","level":94,"fcr":143,"teleportTime":5250,"killTime":null,"viperQuit":true,"coldImmune":false}
{"timestamp":"2023-08-26T01:19:07.766Z","name":"sighbertwo","class":"Sorceress","level":94,"fcr":143,"teleportTime":5266,"killTime":4734,"viperQuit":false,"coldImmune":false}
{"timestamp":"2023-08-26T01:22:48.100Z","name":"sighbertwo","class":"Sorceress","level":94,"fcr":143,"teleportTime":5313,"killTime":6297,"viperQuit":false,"coldImmune":false}
{"timestamp":"2023-08-26T01:26:21.967Z","name":"sighbertwo","class":"Sorceress","level":94,"fcr":143,"teleportTime":5235,"killTime":null,"viperQuit":false,"coldImmune":false}
{"timestamp":"2023-08-26T01:29:58.770Z","name":"sighbertwo","class":"Sorceress","level":94,"fcr":143,"teleportTime":5156,"killTime":12672,"viperQuit":false,"coldImmune":false}
{"timestamp":"2023-08-26T01:33:16.193Z","name":"sighberthree","class":"Sorceress","level":95,"fcr":139,"teleportTime":5672,"killTime":null,"viperQuit":true,"coldImmune":false}
{"timestamp":"2023-08-26T12:21:39.721Z","name":"sighbertwo","class":"Sorceress","level":94,"fcr":143,"teleportTime":5234,"killTime":16422,"viperQuit":false,"coldImmune":false}
{"timestamp":"2023-08-26T12:25:40.604Z","name":"sighberthree","class":"Sorceress","level":95,"fcr":139,"teleportTime":4891,"killTime":null,"viperQuit":true,"coldImmune":false}
{"timestamp":"2023-08-26T12:25:34.417Z","name":"sighbertwo","class":"Sorceress","level":94,"fcr":143,"teleportTime":6359,"killTime":null,"viperQuit":true,"coldImmune":false}
{"timestamp":"2023-08-26T12:29:16.180Z","name":"sighbertwo","class":"Sorceress","level":94,"fcr":143,"teleportTime":5922,"killTime":null,"viperQuit":true,"coldImmune":false}
{"timestamp":"2023-08-26T12:29:10.292Z","name":"sighberthree","class":"Sorceress","level":95,"fcr":139,"teleportTime":4859,"killTime":34078,"viperQuit":false,"coldImmune":false}
{"timestamp":"2023-08-26T12:32:27.752Z","name":"sighbertwo","class":"Sorceress","level":94,"fcr":143,"teleportTime":5828,"killTime":null,"viperQuit":true,"coldImmune":false}
{"timestamp":"2023-08-26T12:33:08.110Z","name":"sighberthree","class":"Sorceress","level":95,"fcr":139,"teleportTime":4922,"killTime":null,"viperQuit":true,"coldImmune":false}
{"timestamp":"2023-08-26T12:36:20.728Z","name":"sighbertwo","class":"Sorceress","level":94,"fcr":143,"teleportTime":5187,"killTime":null,"viperQuit":true,"coldImmune":false}
{"timestamp":"2023-08-26T12:38:56.720Z","name":"sighberthree","class":"Sorceress","level":95,"fcr":139,"teleportTime":5141,"killTime":3578,"viperQuit":false,"coldImmune":false}
{"timestamp":"2023-08-26T12:39:40.453Z","name":"sighbertwo","class":"Sorceress","level":94,"fcr":143,"teleportTime":4875,"killTime":422,"viperQuit":false,"coldImmune":false}
{"timestamp":"2023-08-26T12:42:14.162Z","name":"sighberthree","class":"Sorceress","level":95,"fcr":139,"teleportTime":4797,"killTime":null,"viperQuit":true,"coldImmune":false}
{"timestamp":"2023-08-26T12:43:16.987Z","name":"sighbertwo","class":"Sorceress","level":94,"fcr":143,"teleportTime":4969,"killTime":null,"viperQuit":false,"coldImmune":false}
{"timestamp":"2023-08-26T12:47:13.060Z","name":"sighbertwo","class":"Sorceress","level":94,"fcr":143,"teleportTime":4938,"killTime":null,"viperQuit":true,"coldImmune":false}
{"timestamp":"2023-08-26T12:50:39.038Z","name":"sighbertwo","class":"Sorceress","level":94,"fcr":143,"teleportTime":5875,"killTime":null,"viperQuit":false,"coldImmune":false}
{"timestamp":"2023-08-26T12:53:58.389Z","name":"sighberthree","class":"Sorceress","level":95,"fcr":139,"teleportTime":4781,"killTime":11454,"viperQuit":false,"coldImmune":false}
{"timestamp":"2023-08-26T12:54:15.409Z","name":"sighbertwo","class":"Sorceress","level":94,"fcr":143,"teleportTime":4922,"killTime":null,"viperQuit":false,"coldImmune":false}
{"timestamp":"2023-08-26T12:58:02.376Z","name":"sighbertwo","class":"Sorceress","level":94,"fcr":143,"teleportTime":4954,"killTime":null,"viperQuit":true,"coldImmune":false}
{"timestamp":"2023-08-26T13:01:34.445Z","name":"sighbertwo","class":"Sorceress","level":94,"fcr":143,"teleportTime":4969,"killTime":null,"viperQuit":true,"coldImmune":false}
{"timestamp":"2023-08-26T13:05:16.663Z","name":"sighbertwo","class":"Sorceress","level":94,"fcr":143,"teleportTime":5718,"killTime":8797,"viperQuit":false,"coldImmune":false}
{"timestamp":"2023-08-26T13:05:48.733Z","name":"sighberthree","class":"Sorceress","level":95,"fcr":139,"teleportTime":4891,"killTime":null,"viperQuit":true,"coldImmune":false}
{"timestamp":"2023-08-26T13:08:48.995Z","name":"sighbertwo","class":"Sorceress","level":94,"fcr":143,"teleportTime":4828,"killTime":null,"viperQuit":true,"coldImmune":false}
{"timestamp":"2023-08-26T13:09:32.855Z","name":"sighberthree","class":"Sorceress","level":95,"fcr":139,"teleportTime":4891,"killTime":9625,"viperQuit":false,"coldImmune":false}
{"timestamp":"2023-08-26T13:12:28.465Z","name":"sighbertwo","class":"Sorceress","level":94,"fcr":143,"teleportTime":5766,"killTime":null,"viperQuit":true,"coldImmune":false}
{"timestamp":"2023-08-26T13:16:00.778Z","name":"sighbertwo","class":"Sorceress","level":94,"fcr":143,"teleportTime":4906,"killTime":null,"viperQuit":true,"coldImmune":false}
{"timestamp":"2023-08-26T13:16:25.181Z","name":"sighberthree","class":"Sorceress","level":95,"fcr":139,"teleportTime":4875,"killTime":30328,"viperQuit":false,"coldImmune":false}
{"timestamp":"2023-08-26T13:19:21.002Z","name":"sighbertwo","class":"Sorceress","level":94,"fcr":143,"teleportTime":5250,"killTime":null,"viperQuit":false,"coldImmune":false}
{"timestamp":"2023-08-26T13:23:13.151Z","name":"sighbertwo","class":"Sorceress","level":94,"fcr":143,"teleportTime":4844,"killTime":null,"viperQuit":false,"coldImmune":false}
{"timestamp":"2023-08-26T13:24:33.919Z","name":"sighberthree","class":"Sorceress","level":95,"fcr":139,"teleportTime":5687,"killTime":2110,"viperQuit":false,"coldImmune":false}
{"timestamp":"2023-08-26T13:26:42.718Z","name":"sighbertwo","class":"Sorceress","level":94,"fcr":143,"teleportTime":5766,"killTime":8109,"viperQuit":false,"coldImmune":false}
{"timestamp":"2023-08-26T13:30:15.517Z","name":"sighberthree","class":"Sorceress","level":95,"fcr":139,"teleportTime":4750,"killTime":4640,"viperQuit":false,"coldImmune":false}
{"timestamp":"2023-08-26T13:30:31.012Z","name":"sighbertwo","class":"Sorceress","level":94,"fcr":143,"teleportTime":5000,"killTime":11469,"viperQuit":false,"coldImmune":false}
{"timestamp":"2023-08-26T13:34:00.815Z","name":"sighbertwo","class":"Sorceress","level":94,"fcr":143,"teleportTime":5812,"killTime":null,"viperQuit":false,"coldImmune":false}
{"timestamp":"2023-08-26T13:34:53.408Z","name":"sighberthree","class":"Sorceress","level":95,"fcr":139,"teleportTime":5657,"killTime":null,"viperQuit":true,"coldImmune":false}
{"timestamp":"2023-08-26T13:37:45.999Z","name":"sighbertwo","class":"Sorceress","level":94,"fcr":143,"teleportTime":5703,"killTime":3360,"viperQuit":false,"coldImmune":false}
{"timestamp":"2023-08-26T13:41:25.424Z","name":"sighbertwo","class":"Sorceress","level":94,"fcr":143,"teleportTime":4968,"killTime":null,"viperQuit":false,"coldImmune":false}
{"timestamp":"2023-08-26T13:44:53.849Z","name":"sighbertwo","class":"Sorceress","level":94,"fcr":143,"teleportTime":5188,"killTime":null,"viperQuit":true,"coldImmune":false}
{"timestamp":"2023-08-26T13:46:44.838Z","name":"sighberthree","class":"Sorceress","level":95,"fcr":139,"teleportTime":5625,"killTime":13312,"viperQuit":false,"coldImmune":false}
{"timestamp":"2023-08-26T13:48:11.615Z","name":"sighbertwo","class":"Sorceress","level":94,"fcr":143,"teleportTime":4937,"killTime":null,"viperQuit":true,"coldImmune":false}
{"timestamp":"2023-08-26T13:52:06.574Z","name":"sighbertwo","class":"Sorceress","level":94,"fcr":143,"teleportTime":4859,"killTime":12235,"viperQuit":false,"coldImmune":false}
{"timestamp":"2023-08-26T13:52:14.175Z","name":"sighberthree","class":"Sorceress","level":95,"fcr":139,"teleportTime":5766,"killTime":9813,"viperQuit":false,"coldImmune":false}
{"timestamp":"2023-08-26T13:55:44.420Z","name":"sighbertwo","class":"Sorceress","level":94,"fcr":143,"teleportTime":5219,"killTime":null,"viperQuit":true,"coldImmune":false}
{"timestamp":"2023-08-28T13:28:08.844Z","name":"sighbertwo","class":"Sorceress","level":94,"fcr":143,"teleportTime":5125,"killTime":5797,"viperQuit":false,"coldImmune":false}
{"timestamp":"2023-08-28T13:30:38.085Z","name":"sighberthree","class":"Sorceress","level":95,"fcr":139,"teleportTime":5703,"killTime":null,"viperQuit":true,"coldImmune":false}
{"timestamp":"2023-08-28T13:32:04.122Z","name":"sighbertwo","class":"Sorceress","level":94,"fcr":143,"teleportTime":4844,"killTime":8593,"viperQuit":false,"coldImmune":false}
{"timestamp":"2023-08-28T13:34:45.682Z","name":"sighberthree","class":"Sorceress","level":95,"fcr":139,"teleportTime":4828,"killTime":2109,"viperQuit":false,"coldImmune":false}
{"timestamp":"2023-08-28T13:35:41.395Z","name":"sighbertwo","class":"Sorceress","level":94,"fcr":143,"teleportTime":5266,"killTime":12609,"viperQuit":false,"coldImmune":false}
{"timestamp":"2023-08-28T13:39:12.159Z","name":"sighbertwo","class":"Sorceress","level":94,"fcr":143,"teleportTime":5032,"killTime":null,"viperQuit":false,"coldImmune":false}
{"timestamp":"2023-08-28T13:41:43.925Z","name":"sighberthree","class":"Sorceress","level":95,"fcr":139,"teleportTime":4828,"killTime":9703,"viperQuit":false,"coldImmune":false}
{"timestamp":"2023-08-28T13:42:50.382Z","name":"sighbertwo","class":"Sorceress","level":94,"fcr":143,"teleportTime":4890,"killTime":4688,"viperQuit":false,"coldImmune":false}
{"timestamp":"2023-08-28T13:46:24.935Z","name":"sighbertwo","class":"Sorceress","level":94,"fcr":143,"teleportTime":5141,"killTime":null,"viperQuit":true,"coldImmune":false}
{"timestamp":"2023-08-28T13:47:07.528Z","name":"sighberthree","class":"Sorceress","level":95,"fcr":139,"teleportTime":4843,"killTime":18141,"viperQuit":false,"coldImmune":false}
{"timestamp":"2023-08-28T13:50:02.877Z","name":"sighbertwo","class":"Sorceress","level":94,"fcr":143,"teleportTime":4875,"killTime":null,"viperQuit":false,"coldImmune":false}
{"timestamp":"2023-08-28T13:50:09.890Z","name":"sighberthree","class":"Sorceress","level":95,"fcr":139,"teleportTime":5688,"killTime":null,"viperQuit":true,"coldImmune":false}
{"timestamp":"2023-08-28T13:53:38.986Z","name":"sighbertwo","class":"Sorceress","level":94,"fcr":143,"teleportTime":4860,"killTime":8984,"viperQuit":false,"coldImmune":false}
{"timestamp":"2023-08-28T13:54:10.573Z","name":"sighberthree","class":"Sorceress","level":95,"fcr":139,"teleportTime":4812,"killTime":20500,"viperQuit":false,"coldImmune":false}
{"timestamp":"2023-08-28T13:56:58.297Z","name":"sighbertwo","class":"Sorceress","level":94,"fcr":143,"teleportTime":5781,"killTime":null,"viperQuit":false,"coldImmune":false}
{"timestamp":"2023-08-28T14:00:24.445Z","name":"sighberthree","class":"Sorceress","level":95,"fcr":139,"teleportTime":4921,"killTime":null,"viperQuit":true,"coldImmune":false}
{"timestamp":"2023-08-28T14:00:34.695Z","name":"sighbertwo","class":"Sorceress","level":94,"fcr":143,"teleportTime":5094,"killTime":19234,"viperQuit":false,"coldImmune":false}
{"timestamp":"2023-08-28T14:04:11.072Z","name":"sighbertwo","class":"Sorceress","level":94,"fcr":143,"teleportTime":5375,"killTime":3735,"viperQuit":false,"coldImmune":false}
{"timestamp":"2023-08-28T14:05:48.141Z","name":"sighberthree","class":"Sorceress","level":95,"fcr":139,"teleportTime":5704,"killTime":2078,"viperQuit":false,"coldImmune":false}
{"timestamp":"2023-08-28T14:09:55.515Z","name":"sighbertwo","class":"Sorceress","level":94,"fcr":143,"teleportTime":5266,"killTime":4812,"viperQuit":false,"coldImmune":false}
{"timestamp":"2023-08-28T14:10:16.614Z","name":"sighberthree","class":"Sorceress","level":95,"fcr":139,"teleportTime":5219,"killTime":9625,"viperQuit":false,"coldImmune":false}
{"timestamp":"2023-08-28T14:13:10.543Z","name":"sighbertwo","class":"Sorceress","level":94,"fcr":143,"teleportTime":5765,"killTime":14297,"viperQuit":false,"coldImmune":false}
{"timestamp":"2023-08-28T14:16:30.484Z","name":"sighbertwo","class":"Sorceress","level":94,"fcr":143,"teleportTime":6313,"killTime":null,"viperQuit":true,"coldImmune":false}
{"timestamp":"2023-08-28T14:20:28.467Z","name":"sighbertwo","class":"Sorceress","level":94,"fcr":143,"teleportTime":5266,"killTime":11328,"viperQuit":false,"coldImmune":false}
{"timestamp":"2023-08-28T14:21:38.256Z","name":"sighberthree","class":"Sorceress","level":95,"fcr":139,"teleportTime":4938,"killTime":7203,"viperQuit":false,"coldImmune":false}
{"timestamp":"2023-08-28T14:24:19.777Z","name":"sighbertwo","class":"Sorceress","level":94,"fcr":143,"teleportTime":5187,"killTime":null,"viperQuit":true,"coldImmune":false}
{"timestamp":"2023-08-28T14:28:10.355Z","name":"sighbertwo","class":"Sorceress","level":94,"fcr":143,"teleportTime":5234,"killTime":null,"viperQuit":true,"coldImmune":false}
{"timestamp":"2023-08-28T14:31:55.243Z","name":"sighbertwo","class":"Sorceress","level":94,"fcr":143,"teleportTime":5172,"killTime":null,"viperQuit":true,"coldImmune":false}
{"timestamp":"2023-08-28T14:35:31.735Z","name":"sighbertwo","class":"Sorceress","level":94,"fcr":143,"teleportTime":5390,"killTime":4563,"viperQuit":false,"coldImmune":false}
{"timestamp":"2023-08-28T14:39:09.042Z","name":"sighbertwo","class":"Sorceress","level":94,"fcr":143,"teleportTime":5250,"killTime":4109,"viperQuit":false,"coldImmune":false}
{"timestamp":"2023-08-28T14:40:39.479Z","name":"sighberthree","class":"Sorceress","level":95,"fcr":139,"teleportTime":4844,"killTime":8937,"viperQuit":false,"coldImmune":false}
{"timestamp":"2023-08-28T14:42:38.975Z","name":"sighbertwo","class":"Sorceress","level":94,"fcr":143,"teleportTime":5813,"killTime":10156,"viperQuit":false,"coldImmune":false}
{"timestamp":"2023-08-28T14:45:58.402Z","name":"sighbertwo","class":"Sorceress","level":94,"fcr":143,"teleportTime":4969,"killTime":null,"viperQuit":true,"coldImmune":false}
{"timestamp":"2023-08-28T14:48:33.216Z","name":"sighberthree","class":"Sorceress","level":95,"fcr":139,"teleportTime":4750,"killTime":11985,"viperQuit":false,"coldImmune":false}
{"timestamp":"2023-08-28T14:49:56.159Z","name":"sighbertwo","class":"Sorceress","level":94,"fcr":143,"teleportTime":4875,"killTime":null,"viperQuit":false,"coldImmune":false}
{"timestamp":"2023-08-28T14:53:25.463Z","name":"sighbertwo","class":"Sorceress","level":94,"fcr":143,"teleportTime":4953,"killTime":null,"viperQuit":true,"coldImmune":false}
{"timestamp":"2023-08-28T14:56:03.694Z","name":"sighberthree","class":"Sorceress","level":95,"fcr":139,"teleportTime":4734,"killTime":null,"viperQuit":true,"coldImmune":false}
{"timestamp":"2023-08-28T14:56:47.761Z","name":"sighbertwo","class":"Sorceress","level":94,"fcr":143,"teleportTime":5282,"killTime":null,"viperQuit":false,"coldImmune":false}
{"timestamp":"2023-08-28T15:00:43.703Z","name":"sighbertwo","class":"Sorceress","level":94,"fcr":143,"teleportTime":5031,"killTime":8094,"viperQuit":false,"coldImmune":false}
{"timestamp":"2023-08-28T15:00:54.990Z","name":"sighberthree","class":"Sorceress","level":95,"fcr":139,"teleportTime":5079,"killTime":5484,"viperQuit":false,"coldImmune":false}
{"timestamp":"2023-08-28T15:04:00.448Z","name":"sighbertwo","class":"Sorceress","level":94,"fcr":143,"teleportTime":5297,"killTime":10110,"viperQuit":false,"coldImmune":false}
{"timestamp":"2023-08-28T15:06:45.013Z","name":"sighberthree","class":"Sorceress","level":95,"fcr":139,"teleportTime":4828,"killTime":null,"viperQuit":true,"coldImmune":false}
{"timestamp":"2023-08-28T15:07:54.410Z","name":"sighbertwo","class":"Sorceress","level":94,"fcr":143,"teleportTime":4907,"killTime":4781,"viperQuit":false,"coldImmune":false}
{"timestamp":"2023-08-28T15:11:33.648Z","name":"sighbertwo","class":"Sorceress","level":94,"fcr":143,"teleportTime":5187,"killTime":null,"viperQuit":true,"coldImmune":false}
{"timestamp":"2023-08-28T15:13:34.483Z","name":"sighberthree","class":"Sorceress","level":95,"fcr":139,"teleportTime":4875,"killTime":2110,"viperQuit":false,"coldImmune":false}
{"timestamp":"2023-08-28T15:15:10.612Z","name":"sighbertwo","class":"Sorceress","level":94,"fcr":143,"teleportTime":4875,"killTime":8484,"viperQuit":false,"coldImmune":false}
{"timestamp":"2023-08-28T15:18:42.277Z","name":"sighbertwo","class":"Sorceress","level":94,"fcr":143,"teleportTime":5781,"killTime":15297,"viperQuit":false,"coldImmune":false}
{"timestamp":"2023-08-28T15:20:17.529Z","name":"sighberthree","class":"Sorceress","level":95,"fcr":139,"teleportTime":5625,"killTime":null,"viperQuit":true,"coldImmune":false}
{"timestamp":"2023-08-28T15:22:02.322Z","name":"sighbertwo","class":"Sorceress","level":94,"fcr":143,"teleportTime":5328,"killTime":4984,"viperQuit":false,"coldImmune":false}
{"timestamp":"2023-08-28T15:23:07.641Z","name":"sighberthree","class":"Sorceress","level":95,"fcr":139,"teleportTime":4750,"killTime":2094,"viperQuit":false,"coldImmune":false}
{"timestamp":"2023-08-28T15:25:59.984Z","name":"sighbertwo","class":"Sorceress","level":94,"fcr":143,"teleportTime":5750,"killTime":null,"viperQuit":true,"coldImmune":false}
{"timestamp":"2023-08-28T15:27:44.495Z","name":"sighberthree","class":"Sorceress","level":95,"fcr":139,"teleportTime":5125,"killTime":19812,"viperQuit":false,"coldImmune":false}
{"timestamp":"2023-08-28T15:29:15.117Z","name":"sighbertwo","class":"Sorceress","level":94,"fcr":143,"teleportTime":4953,"killTime":7688,"viperQuit":false,"coldImmune":false}
{"timestamp":"2023-08-28T15:32:07.865Z","name":"sighberthree","class":"Sorceress","level":95,"fcr":139,"teleportTime":4750,"killTime":7438,"viperQuit":false,"coldImmune":false}
{"timestamp":"2023-08-28T15:33:00.743Z","name":"sighbertwo","class":"Sorceress","level":94,"fcr":143,"teleportTime":4828,"killTime":null,"viperQuit":true,"coldImmune":false}
{"timestamp":"2023-08-28T15:36:49.701Z","name":"sighbertwo","class":"Sorceress","level":94,"fcr":143,"teleportTime":5812,"killTime":null,"viperQuit":true,"coldImmune":false}
{"timestamp":"2023-08-28T15:38:01.581Z","name":"sighberthree","class":"Sorceress","level":95,"fcr":139,"teleportTime":4750,"killTime":8110,"viperQuit":false,"coldImmune":false}
{"timestamp":"2023-08-28T15:40:34.884Z","name":"sighbertwo","class":"Sorceress","level":94,"fcr":143,"teleportTime":5843,"killTime":null,"viperQuit":true,"coldImmune":false}
{"timestamp":"2023-08-28T15:44:07.797Z","name":"sighberthree","class":"Sorceress","level":95,"fcr":139,"teleportTime":5610,"killTime":null,"viperQuit":true,"coldImmune":false}
{"timestamp":"2023-08-28T15:44:01.697Z","name":"sighbertwo","class":"Sorceress","level":94,"fcr":143,"teleportTime":5781,"killTime":16516,"viperQuit":false,"coldImmune":false}
{"timestamp":"2023-08-28T15:47:40.136Z","name":"sighbertwo","class":"Sorceress","level":94,"fcr":143,"teleportTime":5828,"killTime":9500,"viperQuit":false,"coldImmune":false}
{"timestamp":"2023-08-28T15:49:54.668Z","name":"sighberthree","class":"Sorceress","level":95,"fcr":139,"teleportTime":5000,"killTime":null,"viperQuit":true,"coldImmune":false}
{"timestamp":"2023-08-28T15:52:38.792Z","name":"sighberthree","class":"Sorceress","level":95,"fcr":139,"teleportTime":5203,"killTime":30094,"viperQuit":false,"coldImmune":false}
{"timestamp":"2023-08-28T15:59:44.812Z","name":"sighberthree","class":"Sorceress","level":95,"fcr":139,"teleportTime":4782,"killTime":null,"viperQuit":true,"coldImmune":false}
{"timestamp":"2023-08-28T16:08:50.005Z","name":"sighberthree","class":"Sorceress","level":95,"fcr":139,"teleportTime":4828,"killTime":8281,"viperQuit":false,"coldImmune":false}
{"timestamp":"2023-08-28T16:16:22.618Z","name":"sighbertwo","class":"Sorceress","level":94,"fcr":143,"teleportTime":4891,"killTime":4078,"viperQuit":false,"coldImmune":false}
{"timestamp":"2023-08-28T16:20:18.132Z","name":"sighbertwo","class":"Sorceress","level":94,"fcr":143,"teleportTime":4906,"killTime":2094,"viperQuit":false,"coldImmune":false}
{"timestamp":"2023-08-28T16:21:23.269Z","name":"sighberthree","class":"Sorceress","level":95,"fcr":139,"teleportTime":4797,"killTime":15593,"viperQuit":false,"coldImmune":false}
{"timestamp":"2023-08-28T16:23:35.384Z","name":"sighbertwo","class":"Sorceress","level":94,"fcr":143,"teleportTime":5281,"killTime":7797,"viperQuit":false,"coldImmune":false}
{"timestamp":"2023-08-28T16:27:11.672Z","name":"sighbertwo","class":"Sorceress","level":94,"fcr":143,"teleportTime":4938,"killTime":4718,"viperQuit":false,"coldImmune":false}
{"timestamp":"2023-08-28T16:29:06.037Z","name":"sighberthree","class":"Sorceress","level":95,"fcr":139,"teleportTime":5078,"killTime":2110,"viperQuit":false,"coldImmune":false}
{"timestamp":"2023-08-28T16:31:08.301Z","name":"sighbertwo","class":"Sorceress","level":94,"fcr":143,"teleportTime":5328,"killTime":null,"viperQuit":true,"coldImmune":false}
{"timestamp":"2023-08-28T16:34:24.814Z","name":"sighbertwo","class":"Sorceress","level":94,"fcr":143,"teleportTime":4891,"killTime":6843,"viperQuit":false,"coldImmune":false}
{"timestamp":"2023-08-28T16:38:24.005Z","name":"sighbertwo","class":"Sorceress","level":94,"fcr":143,"teleportTime":4860,"killTime":19625,"viperQuit":false,"coldImmune":false}
{"timestamp":"2023-08-28T16:39:35.684Z","name":"sighberthree","class":"Sorceress","level":95,"fcr":139,"teleportTime":5172,"killTime":23281,"viperQuit":false,"coldImmune":false}
{"timestamp":"2023-08-28T16:41:51.892Z","name":"sighbertwo","class":"Sorceress","level":94,"fcr":143,"teleportTime":4875,"killTime":null,"viperQuit":true,"coldImmune":false}
{"timestamp":"2023-08-28T16:45:34.742Z","name":"sighbertwo","class":"Sorceress","level":94,"fcr":143,"teleportTime":4922,"killTime":null,"viperQuit":false,"coldImmune":false}
{"timestamp":"2023-08-28T16:46:40.052Z","name":"sighberthree","class":"Sorceress","level":95,"fcr":139,"teleportTime":5078,"killTime":null,"viperQuit":true,"coldImmune":false}
{"timestamp":"2023-08-28T16:49:04.736Z","name":"sighbertwo","class":"Sorceress","level":94,"fcr":143,"teleportTime":5797,"killTime":null,"viperQuit":false,"coldImmune":false}
{"timestamp":"2023-08-28T18:52:44.714Z","name":"sighbertwo","class":"Sorceress","level":94,"fcr":143,"teleportTime":5266,"killTime":null,"viperQuit":true,"coldImmune":false}
{"timestamp":"2023-08-28T18:54:15.318Z","name":"sighberthree","class":"Sorceress","level":95,"fcr":139,"teleportTime":6094,"killTime":13281,"viperQuit":false,"coldImmune":false}
{"timestamp":"2023-08-28T18:56:35.498Z","name":"sighbertwo","class":"Sorceress","level":94,"fcr":143,"teleportTime":5313,"killTime":4172,"viperQuit":false,"coldImmune":false}
{"timestamp":"2023-08-28T18:59:15.717Z","name":"sighberthree","class":"Sorceress","level":95,"fcr":139,"teleportTime":5641,"killTime":9094,"viperQuit":false,"coldImmune":false}
{"timestamp":"2023-08-28T19:03:54.741Z","name":"sighbertwo","class":"Sorceress","level":94,"fcr":143,"teleportTime":5312,"killTime":1813,"viperQuit":false,"coldImmune":false}
{"timestamp":"2023-08-28T19:04:25.944Z","name":"sighberthree","class":"Sorceress","level":95,"fcr":139,"teleportTime":4907,"killTime":40687,"viperQuit":false,"coldImmune":false}
{"timestamp":"2023-08-28T19:06:27.697Z","name":"sighbertwo","class":"Sorceress","level":94,"fcr":143,"teleportTime":5297,"killTime":15438,"viperQuit":false,"coldImmune":false}
{"timestamp":"2023-08-28T19:07:17.936Z","name":"sighberthree","class":"Sorceress","level":95,"fcr":139,"teleportTime":5141,"killTime":null,"viperQuit":true,"coldImmune":false}
{"timestamp":"2023-08-28T19:10:04.121Z","name":"sighbertwo","class":"Sorceress","level":94,"fcr":143,"teleportTime":4922,"killTime":4844,"viperQuit":false,"coldImmune":false}
{"timestamp":"2023-08-28T19:13:28.634Z","name":"sighberthree","class":"Sorceress","level":95,"fcr":139,"teleportTime":4860,"killTime":null,"viperQuit":true,"coldImmune":false}
{"timestamp":"2023-08-28T19:13:50.726Z","name":"sighbertwo","class":"Sorceress","level":94,"fcr":143,"teleportTime":5797,"killTime":9516,"viperQuit":false,"coldImmune":false}
{"timestamp":"2023-08-28T19:17:16.682Z","name":"sighbertwo","class":"Sorceress","level":94,"fcr":143,"teleportTime":4953,"killTime":16265,"viperQuit":false,"coldImmune":false}
{"timestamp":"2023-08-28T19:17:55.242Z","name":"sighberthree","class":"Sorceress","level":95,"fcr":139,"teleportTime":5156,"killTime":null,"viperQuit":true,"coldImmune":false}
{"timestamp":"2023-08-28T19:21:03.388Z","name":"sighbertwo","class":"Sorceress","level":94,"fcr":143,"teleportTime":5750,"killTime":5297,"viperQuit":false,"coldImmune":false}
{"timestamp":"2023-08-28T19:24:01.993Z","name":"sighberthree","class":"Sorceress","level":95,"fcr":139,"teleportTime":5219,"killTime":17266,"viperQuit":false,"coldImmune":false}
{"timestamp":"2023-08-28T19:24:47.142Z","name":"sighbertwo","class":"Sorceress","level":94,"fcr":143,"teleportTime":5188,"killTime":5781,"viperQuit":false,"coldImmune":false}
{"timestamp":"2023-08-28T19:28:16.632Z","name":"sighbertwo","class":"Sorceress","level":94,"fcr":143,"teleportTime":5703,"killTime":6391,"viperQuit":false,"coldImmune":false}
{"timestamp":"2023-08-28T19:29:00.685Z","name":"sighberthree","class":"Sorceress","level":95,"fcr":139,"teleportTime":5782,"killTime":27484,"viperQuit":false,"coldImmune":false}
{"timestamp":"2023-08-28T19:31:58.381Z","name":"sighbertwo","class":"Sorceress","level":94,"fcr":143,"teleportTime":4890,"killTime":null,"viperQuit":true,"coldImmune":false}
{"timestamp":"2023-08-28T19:33:28.974Z","name":"sighberthree","class":"Sorceress","level":95,"fcr":139,"teleportTime":4797,"killTime":8031,"viperQuit":false,"coldImmune":false}
{"timestamp":"2023-08-28T19:35:39.926Z","name":"sighbertwo","class":"Sorceress","level":94,"fcr":143,"teleportTime":5828,"killTime":null,"viperQuit":true,"coldImmune":false}
{"timestamp":"2023-08-28T19:39:19.441Z","name":"sighbertwo","class":"Sorceress","level":94,"fcr":143,"teleportTime":5343,"killTime":null,"viperQuit":true,"coldImmune":false}
{"timestamp":"2023-08-28T19:39:51.133Z","name":"sighberthree","class":"Sorceress","level":95,"fcr":139,"teleportTime":5109,"killTime":null,"viperQuit":true,"coldImmune":false}
{"timestamp":"2023-08-28T19:42:51.794Z","name":"sighbertwo","class":"Sorceress","level":94,"fcr":143,"teleportTime":5234,"killTime":10625,"viperQuit":false,"coldImmune":false}
{"timestamp":"2023-08-28T19:46:15.915Z","name":"sighberthree","class":"Sorceress","level":95,"fcr":139,"teleportTime":4781,"killTime":null,"viperQuit":true,"coldImmune":false}
{"timestamp":"2023-08-28T19:46:29.501Z","name":"sighbertwo","class":"Sorceress","level":94,"fcr":143,"teleportTime":5219,"killTime":null,"viperQuit":true,"coldImmune":false}
{"timestamp":"2023-08-28T19:50:04.816Z","name":"sighbertwo","class":"Sorceress","level":94,"fcr":143,"teleportTime":5313,"killTime":4281,"viperQuit":false,"coldImmune":false}
{"timestamp":"2023-08-28T19:51:19.612Z","name":"sighberthree","class":"Sorceress","level":95,"fcr":139,"teleportTime":4828,"killTime":9984,"viperQuit":false,"coldImmune":false}
{"timestamp":"2023-08-28T19:53:37.149Z","name":"sighbertwo","class":"Sorceress","level":94,"fcr":143,"teleportTime":4907,"killTime":null,"viperQuit":true,"coldImmune":false}
{"timestamp":"2023-08-28T19:57:12.577Z","name":"sighbertwo","class":"Sorceress","level":94,"fcr":143,"teleportTime":4938,"killTime":36437,"viperQuit":false,"coldImmune":false}
{"timestamp":"2023-08-28T20:00:40.013Z","name":"sighberthree","class":"Sorceress","level":95,"fcr":139,"teleportTime":5250,"killTime":null,"viperQuit":true,"coldImmune":false}
{"timestamp":"2023-08-28T20:01:12.816Z","name":"sighbertwo","class":"Sorceress","level":94,"fcr":143,"teleportTime":5328,"killTime":null,"viperQuit":true,"coldImmune":false}
{"timestamp":"2023-08-28T20:04:49.965Z","name":"sighbertwo","class":"Sorceress","level":94,"fcr":143,"teleportTime":5015,"killTime":null,"viperQuit":true,"coldImmune":false}
{"timestamp":"2023-08-28T20:07:50.549Z","name":"sighberthree","class":"Sorceress","level":95,"fcr":139,"teleportTime":4828,"killTime":null,"viperQuit":true,"coldImmune":false}
{"timestamp":"2023-08-28T20:08:18.173Z","name":"sighbertwo","class":"Sorceress","level":94,"fcr":143,"teleportTime":4922,"killTime":null,"viperQuit":true,"coldImmune":false}
{"timestamp":"2023-08-28T20:11:55.650Z","name":"sighbertwo","class":"Sorceress","level":94,"fcr":143,"teleportTime":5266,"killTime":null,"viperQuit":true,"coldImmune":false}
{"timestamp":"2023-08-28T20:13:01.388Z","name":"sighberthree","class":"Sorceress","level":95,"fcr":139,"teleportTime":5156,"killTime":null,"viperQuit":true,"coldImmune":false}
{"timestamp":"2023-08-28T20:15:39.051Z","name":"sighbertwo","class":"Sorceress","level":94,"fcr":143,"teleportTime":5844,"killTime":48531,"viperQuit":false,"coldImmune":false}
{"timestamp":"2023-08-28T20:18:09.070Z","name":"sighberthree","class":"Sorceress","level":95,"fcr":139,"teleportTime":4891,"killTime":15672,"viperQuit":false,"coldImmune":false}
{"timestamp":"2023-08-28T20:23:18.861Z","name":"sighbertwo","class":"Sorceress","level":94,"fcr":143,"teleportTime":4719,"killTime":null,"viperQuit":true,"coldImmune":false}
{"timestamp":"2023-08-28T20:23:11.020Z","name":"sighberthree","class":"Sorceress","level":95,"fcr":139,"teleportTime":5109,"killTime":30609,"viperQuit":false,"coldImmune":false}
{"timestamp":"2023-08-28T20:26:43.167Z","name":"sighbertwo","class":"Sorceress","level":94,"fcr":143,"teleportTime":4860,"killTime":15343,"viperQuit":false,"coldImmune":false}
{"timestamp":"2023-08-28T20:30:23.253Z","name":"sighbertwo","class":"Sorceress","level":94,"fcr":143,"teleportTime":5781,"killTime":null,"viperQuit":true,"coldImmune":false}
{"timestamp":"2023-08-28T20:33:00.938Z","name":"sighberthree","class":"Sorceress","level":95,"fcr":139,"teleportTime":4750,"killTime":9844,"viperQuit":false,"coldImmune":false}
{"timestamp":"2023-08-28T20:34:03.131Z","name":"sighbertwo","class":"Sorceress","level":94,"fcr":143,"teleportTime":5735,"killTime":null,"viperQuit":true,"coldImmune":false}
{"timestamp":"2023-08-28T20:37:31.167Z","name":"sighbertwo","class":"Sorceress","level":94,"fcr":143,"teleportTime":11328,"killTime":2110,"viperQuit":false,"coldImmune":false}
{"timestamp":"2023-08-28T20:39:26.633Z","name":"sighberthree","class":"Sorceress","level":95,"fcr":139,"teleportTime":5125,"killTime":9953,"viperQuit":false,"coldImmune":false}
{"timestamp":"2023-08-28T20:41:09.313Z","name":"sighbertwo","class":"Sorceress","level":94,"fcr":143,"teleportTime":5828,"killTime":8219,"viperQuit":false,"coldImmune":false}
{"timestamp":"2023-08-28T20:44:44.108Z","name":"sighbertwo","class":"Sorceress","level":94,"fcr":143,"teleportTime":4891,"killTime":2109,"viperQuit":false,"coldImmune":false}
{"timestamp":"2023-08-28T20:46:02.484Z","name":"sighberthree","class":"Sorceress","level":95,"fcr":139,"teleportTime":5641,"killTime":null,"viperQuit":true,"coldImmune":false}
{"timestamp":"2023-08-28T20:48:05.927Z","name":"sighbertwo","class":"Sorceress","level":94,"fcr":143,"teleportTime":5797,"killTime":null,"viperQuit":true,"coldImmune":false}
{"timestamp":"2023-08-28T20:55:43.948Z","name":"sighbertwo","class":"Sorceress","level":94,"fcr":143,"teleportTime":4781,"killTime":11391,"viperQuit":false,"coldImmune":false}
{"timestamp":"2023-08-28T20:56:18.129Z","name":"sighberthree","class":"Sorceress","level":95,"fcr":139,"teleportTime":4704,"killTime":6328,"viperQuit":false,"coldImmune":false}
{"timestamp":"2023-08-28T20:59:11.829Z","name":"sighbertwo","class":"Sorceress","level":94,"fcr":143,"teleportTime":5781,"killTime":null,"viperQuit":true,"coldImmune":false}
{"timestamp":"2023-08-28T21:02:36.684Z","name":"sighberthree","class":"Sorceress","level":95,"fcr":139,"teleportTime":5234,"killTime":1516,"viperQuit":false,"coldImmune":false}
{"timestamp":"2023-08-28T21:02:51.105Z","name":"sighbertwo","class":"Sorceress","level":94,"fcr":143,"teleportTime":5219,"killTime":null,"viperQuit":true,"coldImmune":false}
{"timestamp":"2023-08-28T21:06:22.407Z","name":"sighbertwo","class":"Sorceress","level":94,"fcr":143,"teleportTime":4891,"killTime":null,"viperQuit":true,"coldImmune":false}
{"timestamp":"2023-08-28T21:13:15.803Z","name":"sighberthree","class":"Sorceress","level":95,"fcr":139,"teleportTime":4797,"killTime":null,"viperQuit":true,"coldImmune":false}
{"timestamp":"2023-08-28T21:13:27.989Z","name":"sighbertwo","class":"Sorceress","level":94,"fcr":143,"teleportTime":5297,"killTime":6078,"viperQuit":false,"coldImmune":false}
{"timestamp":"2023-08-28T21:16:40.403Z","name":"sighberthree","class":"Sorceress","level":95,"fcr":139,"teleportTime":4859,"killTime":14344,"viperQuit":false,"coldImmune":false}
{"timestamp":"2023-08-28T21:17:15.931Z","name":"sighbertwo","class":"Sorceress","level":94,"fcr":143,"teleportTime":5282,"killTime":null,"viperQuit":true,"coldImmune":false}
{"timestamp":"2023-08-28T21:20:52.537Z","name":"sighbertwo","class":"Sorceress","level":94,"fcr":143,"teleportTime":4844,"killTime":null,"viperQuit":true,"coldImmune":false}
{"timestamp":"2023-08-28T21:24:24.998Z","name":"sighbertwo","class":"Sorceress","level":94,"fcr":143,"teleportTime":4844,"killTime":5015,"viperQuit":false,"coldImmune":false}
{"timestamp":"2023-08-28T21:25:53.667Z","name":"sighberthree","class":"Sorceress","level":95,"fcr":139,"teleportTime":4765,"killTime":5141,"viperQuit":false,"coldImmune":false}
{"timestamp":"2023-08-28T21:27:59.751Z","name":"sighberthree","class":"Sorceress","level":95,"fcr":139,"teleportTime":5359,"killTime":null,"viperQuit":true,"coldImmune":false}
{"timestamp":"2023-08-28T21:27:59.425Z","name":"sighbertwo","class":"Sorceress","level":94,"fcr":143,"teleportTime":5235,"killTime":null,"viperQuit":true,"coldImmune":false}
{"timestamp":"2023-08-28T21:31:43.744Z","name":"sighbertwo","class":"Sorceress","level":94,"fcr":143,"teleportTime":5797,"killTime":10719,"viperQuit":false,"coldImmune":false}
{"timestamp":"2023-08-28T21:35:09.126Z","name":"sighberthree","class":"Sorceress","level":95,"fcr":139,"teleportTime":5125,"killTime":null,"viperQuit":true,"coldImmune":false}
{"timestamp":"2023-08-28T21:35:19.027Z","name":"sighbertwo","class":"Sorceress","level":94,"fcr":143,"teleportTime":5875,"killTime":null,"viperQuit":true,"coldImmune":false}
{"timestamp":"2023-08-28T21:44:32.812Z","name":"sighbertwo","class":"Sorceress","level":94,"fcr":143,"teleportTime":5250,"killTime":4688,"viperQuit":false,"coldImmune":false}
{"timestamp":"2023-08-28T21:48:24.855Z","name":"sighbertwo","class":"Sorceress","level":94,"fcr":143,"teleportTime":5203,"killTime":26390,"viperQuit":false,"coldImmune":false}
{"timestamp":"2023-08-28T21:51:40.288Z","name":"sighberthree","class":"Sorceress","level":95,"fcr":139,"teleportTime":4859,"killTime":2438,"viperQuit":false,"coldImmune":false}
{"timestamp":"2023-08-28T21:52:05.119Z","name":"sighbertwo","class":"Sorceress","level":94,"fcr":143,"teleportTime":4891,"killTime":null,"viperQuit":true,"coldImmune":false}
{"timestamp":"2023-08-28T21:54:53.975Z","name":"sighberthree","class":"Sorceress","level":95,"fcr":139,"teleportTime":5063,"killTime":34093,"viperQuit":false,"coldImmune":false}
{"timestamp":"2023-08-28T21:55:22.051Z","name":"sighbertwo","class":"Sorceress","level":94,"fcr":143,"teleportTime":5859,"killTime":null,"viperQuit":false,"coldImmune":false}
{"timestamp":"2023-08-28T22:03:07.816Z","name":"sighbertwo","class":"Sorceress","level":94,"fcr":143,"teleportTime":4844,"killTime":6484,"viperQuit":false,"coldImmune":false}
{"timestamp":"2023-08-28T22:06:11.122Z","name":"sighbertwo","class":"Sorceress","level":94,"fcr":143,"teleportTime":4922,"killTime":4141,"viperQuit":false,"coldImmune":false}
{"timestamp":"2023-08-28T22:10:04.861Z","name":"sighbertwo","class":"Sorceress","level":94,"fcr":143,"teleportTime":4891,"killTime":4859,"viperQuit":false,"coldImmune":false}
{"timestamp":"2023-08-28T22:13:44.966Z","name":"sighberthree","class":"Sorceress","level":95,"fcr":139,"teleportTime":5640,"killTime":null,"viperQuit":true,"coldImmune":false}
{"timestamp":"2023-08-28T22:13:39.692Z","name":"sighbertwo","class":"Sorceress","level":94,"fcr":143,"teleportTime":5750,"killTime":6875,"viperQuit":false,"coldImmune":false}
{"timestamp":"2023-08-28T22:17:23.458Z","name":"sighbertwo","class":"Sorceress","level":94,"fcr":143,"teleportTime":5687,"killTime":null,"viperQuit":true,"coldImmune":false}
{"timestamp":"2023-08-28T22:19:33.759Z","name":"sighberthree","class":"Sorceress","level":95,"fcr":139,"teleportTime":5625,"killTime":null,"viperQuit":true,"coldImmune":false}
{"timestamp":"2023-08-28T22:20:36.623Z","name":"sighbertwo","class":"Sorceress","level":94,"fcr":143,"teleportTime":5765,"killTime":null,"viperQuit":true,"coldImmune":false}
{"timestamp":"2023-08-28T22:24:13.172Z","name":"sighbertwo","class":"Sorceress","level":94,"fcr":143,"teleportTime":5797,"killTime":null,"viperQuit":true,"coldImmune":false}
{"timestamp":"2023-08-28T22:27:49.492Z","name":"sighbertwo","class":"Sorceress","level":94,"fcr":143,"teleportTime":5250,"killTime":3328,"viperQuit":false,"coldImmune":false}
{"timestamp":"2023-08-28T22:31:41.667Z","name":"sighbertwo","class":"Sorceress","level":94,"fcr":143,"teleportTime":4891,"killTime":null,"viperQuit":true,"coldImmune":false}
{"timestamp":"2023-08-28T22:32:50.950Z","name":"sighberthree","class":"Sorceress","level":95,"fcr":139,"teleportTime":4750,"killTime":null,"viperQuit":true,"coldImmune":false}
{"timestamp":"2023-08-28T22:35:02.302Z","name":"sighbertwo","class":"Sorceress","level":94,"fcr":143,"teleportTime":5281,"killTime":4297,"viperQuit":false,"coldImmune":false}
{"timestamp":"2023-08-28T22:38:38.565Z","name":"sighbertwo","class":"Sorceress","level":94,"fcr":143,"teleportTime":5828,"killTime":null,"viperQuit":true,"coldImmune":false}
{"timestamp":"2023-08-28T22:42:30.961Z","name":"sighbertwo","class":"Sorceress","level":94,"fcr":143,"teleportTime":5219,"killTime":null,"viperQuit":true,"coldImmune":false}
{"timestamp":"2023-08-28T22:49:06.830Z","name":"sighbertwo","class":"Sorceress","level":94,"fcr":143,"teleportTime":4875,"killTime":2484,"viperQuit":false,"coldImmune":false}
{"timestamp":"2023-08-28T22:51:39.934Z","name":"sighbertwo","class":"Sorceress","level":94,"fcr":143,"teleportTime":4844,"killTime":null,"viperQuit":true,"coldImmune":false}
{"timestamp":"2023-08-28T22:52:45.575Z","name":"sighberthree","class":"Sorceress","level":95,"fcr":139,"teleportTime":5641,"killTime":null,"viperQuit":true,"coldImmune":false}
{"timestamp":"2023-08-28T22:55:11.346Z","name":"sighbertwo","class":"Sorceress","level":94,"fcr":143,"teleportTime":4891,"killTime":null,"viperQuit":false,"coldImmune":false}
{"timestamp":"2023-08-28T22:58:47.088Z","name":"sighbertwo","class":"Sorceress","level":94,"fcr":143,"teleportTime":5156,"killTime":null,"viperQuit":true,"coldImmune":false}
{"timestamp":"2023-08-28T23:02:30.330Z","name":"sighbertwo","class":"Sorceress","level":94,"fcr":143,"teleportTime":5828,"killTime":20109,"viperQuit":false,"coldImmune":false}
{"timestamp":"2023-08-28T23:03:08.204Z","name":"sighberthree","class":"Sorceress","level":95,"fcr":139,"teleportTime":4796,"killTime":null,"viperQuit":true,"coldImmune":false}
{"timestamp":"2023-08-28T23:04:51.289Z","name":"sighberthree","class":"Sorceress","level":95,"fcr":139,"teleportTime":4906,"killTime":18641,"viperQuit":false,"coldImmune":false}
{"timestamp":"2023-08-28T23:06:03.370Z","name":"sighbertwo","class":"Sorceress","level":94,"fcr":143,"teleportTime":4891,"killTime":null,"viperQuit":false,"coldImmune":false}
{"timestamp":"2023-08-28T23:09:20.164Z","name":"sighbertwo","class":"Sorceress","level":94,"fcr":143,"teleportTime":4953,"killTime":null,"viperQuit":false,"coldImmune":false}
{"timestamp":"2023-08-28T23:09:58.854Z","name":"sighberthree","class":"Sorceress","level":95,"fcr":139,"teleportTime":4781,"killTime":55188,"viperQuit":false,"coldImmune":false}
{"timestamp":"2023-08-28T23:13:18.782Z","name":"sighbertwo","class":"Sorceress","level":94,"fcr":143,"teleportTime":4907,"killTime":null,"viperQuit":false,"coldImmune":false}
{"timestamp":"2023-08-28T23:15:41.603Z","name":"sighberthree","class":"Sorceress","level":95,"fcr":139,"teleportTime":4781,"killTime":11469,"viperQuit":false,"coldImmune":false}
{"timestamp":"2023-08-28T23:16:47.575Z","name":"sighbertwo","class":"Sorceress","level":94,"fcr":143,"teleportTime":5015,"killTime":5047,"viperQuit":false,"coldImmune":false}
{"timestamp":"2023-08-28T23:20:28.468Z","name":"sighbertwo","class":"Sorceress","level":94,"fcr":143,"teleportTime":5844,"killTime":11515,"viperQuit":false,"coldImmune":false}
{"timestamp":"2023-08-28T23:23:06.994Z","name":"sighberthree","class":"Sorceress","level":95,"fcr":139,"teleportTime":4828,"killTime":4312,"viperQuit":false,"coldImmune":false}
{"timestamp":"2023-08-28T23:23:45.495Z","name":"sighbertwo","class":"Sorceress","level":94,"fcr":143,"teleportTime":4922,"killTime":17172,"viperQuit":false,"coldImmune":false}
{"timestamp":"2023-08-28T23:27:23.153Z","name":"sighberthree","class":"Sorceress","level":95,"fcr":139,"teleportTime":4812,"killTime":null,"viperQuit":true,"coldImmune":false}
{"timestamp":"2023-08-28T23:27:39.806Z","name":"sighbertwo","class":"Sorceress","level":94,"fcr":143,"teleportTime":4922,"killTime":28500,"viperQuit":false,"coldImmune":false}
{"timestamp":"2023-08-28T23:30:44.273Z","name":"sighberthree","class":"Sorceress","level":95,"fcr":139,"teleportTime":5093,"killTime":9094,"viperQuit":false,"coldImmune":false}
{"timestamp":"2023-08-28T23:31:07.428Z","name":"sighbertwo","class":"Sorceress","level":94,"fcr":143,"teleportTime":4875,"killTime":6187,"viperQuit":false,"coldImmune":false}
{"timestamp":"2023-08-28T23:32:58.978Z","name":"sighberthree","class":"Sorceress","level":95,"fcr":139,"teleportTime":5156,"killTime":11656,"viperQuit":false,"coldImmune":false}
{"timestamp":"2023-08-28T23:34:54.784Z","name":"sighbertwo","class":"Sorceress","level":94,"fcr":143,"teleportTime":5844,"killTime":11406,"viperQuit":false,"coldImmune":false}
{"timestamp":"2023-08-28T23:38:10.730Z","name":"sighbertwo","class":"Sorceress","level":94,"fcr":143,"teleportTime":5734,"killTime":null,"viperQuit":false,"coldImmune":false}
{"timestamp":"2023-08-28T23:40:14.123Z","name":"sighberthree","class":"Sorceress","level":95,"fcr":139,"teleportTime":4781,"killTime":34719,"viperQuit":false,"coldImmune":false}
{"timestamp":"2023-08-28T23:41:56.988Z","name":"sighbertwo","class":"Sorceress","level":94,"fcr":143,"teleportTime":4921,"killTime":4954,"viperQuit":false,"coldImmune":false}
{"timestamp":"2023-08-28T23:44:40.469Z","name":"sighberthree","class":"Sorceress","level":95,"fcr":139,"teleportTime":4859,"killTime":5188,"viperQuit":false,"coldImmune":false}
{"timestamp":"2023-08-28T23:45:33.372Z","name":"sighbertwo","class":"Sorceress","level":94,"fcr":143,"teleportTime":5250,"killTime":4984,"viperQuit":false,"coldImmune":false}
{"timestamp":"2023-08-28T23:48:59.804Z","name":"sighbertwo","class":"Sorceress","level":94,"fcr":143,"teleportTime":5782,"killTime":9187,"viperQuit":false,"coldImmune":false}
{"timestamp":"2023-08-28T23:52:37.907Z","name":"sighberthree","class":"Sorceress","level":95,"fcr":139,"teleportTime":5641,"killTime":4672,"viperQuit":false,"coldImmune":false}
{"timestamp":"2023-08-28T23:52:56.487Z","name":"sighbertwo","class":"Sorceress","level":94,"fcr":143,"teleportTime":5266,"killTime":4687,"viperQuit":false,"coldImmune":false}
{"timestamp":"2023-08-28T23:56:12.436Z","name":"sighbertwo","class":"Sorceress","level":94,"fcr":143,"teleportTime":4828,"killTime":null,"viperQuit":true,"coldImmune":false}
{"timestamp":"2023-08-29T00:00:09.482Z","name":"sighbertwo","class":"Sorceress","level":94,"fcr":143,"teleportTime":4938,"killTime":null,"viperQuit":true,"coldImmune":false}
{"timestamp":"2023-08-29T00:03:35.179Z","name":"sighbertwo","class":"Sorceress","level":94,"fcr":143,"teleportTime":5312,"killTime":5047,"viperQuit":false,"coldImmune":false}
{"timestamp":"2023-08-29T00:05:45.493Z","name":"sighberthree","class":"Sorceress","level":95,"fcr":139,"teleportTime":5672,"killTime":null,"viperQuit":true,"coldImmune":false}
{"timestamp":"2023-08-29T00:07:24.221Z","name":"sighbertwo","class":"Sorceress","level":94,"fcr":143,"teleportTime":5234,"killTime":2094,"viperQuit":false,"coldImmune":false}
{"timestamp":"2023-08-29T00:10:52.467Z","name":"sighbertwo","class":"Sorceress","level":94,"fcr":143,"teleportTime":4828,"killTime":14062,"viperQuit":false,"coldImmune":false}
{"timestamp":"2023-08-29T00:14:29.249Z","name":"sighbertwo","class":"Sorceress","level":94,"fcr":143,"teleportTime":5719,"killTime":null,"viperQuit":true,"coldImmune":false}
{"timestamp":"2023-08-29T00:17:50.543Z","name":"sighbertwo","class":"Sorceress","level":94,"fcr":143,"teleportTime":5250,"killTime":9188,"viperQuit":false,"coldImmune":false}
{"timestamp":"2023-08-29T00:21:27.126Z","name":"sighbertwo","class":"Sorceress","level":94,"fcr":143,"teleportTime":4875,"killTime":null,"viperQuit":true,"coldImmune":false}
{"timestamp":"2023-08-29T00:22:34.426Z","name":"sighberthree","class":"Sorceress","level":95,"fcr":139,"teleportTime":4875,"killTime":null,"viperQuit":true,"coldImmune":false}
{"timestamp":"2023-08-29T00:25:20.127Z","name":"sighbertwo","class":"Sorceress","level":94,"fcr":143,"teleportTime":4922,"killTime":11984,"viperQuit":false,"coldImmune":false}
{"timestamp":"2023-08-29T00:27:36.486Z","name":"sighberthree","class":"Sorceress","level":95,"fcr":139,"teleportTime":4875,"killTime":null,"viperQuit":true,"coldImmune":false}
{"timestamp":"2023-08-29T00:28:39.729Z","name":"sighbertwo","class":"Sorceress","level":94,"fcr":143,"teleportTime":5266,"killTime":8359,"viperQuit":false,"coldImmune":false}
{"timestamp":"2023-08-29T00:32:38.980Z","name":"sighbertwo","class":"Sorceress","level":94,"fcr":143,"teleportTime":5781,"killTime":5547,"viperQuit":false,"coldImmune":false}
{"timestamp":"2023-08-29T00:33:52.847Z","name":"sighberthree","class":"Sorceress","level":95,"fcr":139,"teleportTime":4781,"killTime":null,"viperQuit":true,"coldImmune":false}
{"timestamp":"2023-08-29T00:36:12.768Z","name":"sighbertwo","class":"Sorceress","level":94,"fcr":143,"teleportTime":4844,"killTime":8922,"viperQuit":false,"coldImmune":false}
{"timestamp":"2023-08-29T00:36:38.137Z","name":"sighberthree","class":"Sorceress","level":95,"fcr":139,"teleportTime":5234,"killTime":2094,"viperQuit":false,"coldImmune":false}
{"timestamp":"2023-08-29T00:39:50.920Z","name":"sighbertwo","class":"Sorceress","level":94,"fcr":143,"teleportTime":5765,"killTime":2079,"viperQuit":false,"coldImmune":false}
{"timestamp":"2023-08-29T00:43:05.188Z","name":"sighbertwo","class":"Sorceress","level":94,"fcr":143,"teleportTime":4844,"killTime":16906,"viperQuit":false,"coldImmune":false}
{"timestamp":"2023-08-29T00:44:23.563Z","name":"sighberthree","class":"Sorceress","level":95,"fcr":139,"teleportTime":4875,"killTime":null,"viperQuit":true,"coldImmune":false}
{"timestamp":"2023-08-29T00:46:41.478Z","name":"sighbertwo","class":"Sorceress","level":94,"fcr":143,"teleportTime":4937,"killTime":6735,"viperQuit":false,"coldImmune":false}
{"timestamp":"2023-08-29T00:47:24.573Z","name":"sighberthree","class":"Sorceress","level":95,"fcr":139,"teleportTime":4797,"killTime":25875,"viperQuit":false,"coldImmune":false}
{"timestamp":"2023-08-29T00:50:32.624Z","name":"sighbertwo","class":"Sorceress","level":94,"fcr":143,"teleportTime":4843,"killTime":13125,"viperQuit":false,"coldImmune":false}
{"timestamp":"2023-08-29T00:53:54.116Z","name":"sighbertwo","class":"Sorceress","level":94,"fcr":143,"teleportTime":4953,"killTime":null,"viperQuit":true,"coldImmune":false}
{"timestamp":"2023-08-29T00:57:46.001Z","name":"sighbertwo","class":"Sorceress","level":94,"fcr":143,"teleportTime":4812,"killTime":null,"viperQuit":false,"coldImmune":false}
{"timestamp":"2023-08-29T01:01:06.739Z","name":"sighbertwo","class":"Sorceress","level":94,"fcr":143,"teleportTime":5203,"killTime":null,"viperQuit":false,"coldImmune":false}
{"timestamp":"2023-08-29T01:05:02.705Z","name":"sighbertwo","class":"Sorceress","level":94,"fcr":143,"teleportTime":5250,"killTime":null,"viperQuit":true,"coldImmune":false}
{"timestamp":"2023-08-29T01:05:22.765Z","name":"sighberthree","class":"Sorceress","level":95,"fcr":139,"teleportTime":4782,"killTime":37672,"viperQuit":false,"coldImmune":false}
{"timestamp":"2023-08-29T01:08:34.719Z","name":"sighbertwo","class":"Sorceress","level":94,"fcr":143,"teleportTime":5016,"killTime":6438,"viperQuit":false,"coldImmune":false}
{"timestamp":"2023-08-29T01:12:26.824Z","name":"sighberthree","class":"Sorceress","level":95,"fcr":139,"teleportTime":4781,"killTime":null,"viperQuit":true,"coldImmune":false}
{"timestamp":"2023-08-29T01:14:49.337Z","name":"sighbertwo","class":"Sorceress","level":94,"fcr":143,"teleportTime":5859,"killTime":null,"viperQuit":true,"coldImmune":false}
{"timestamp":"2023-08-29T01:16:44.667Z","name":"sighberthree","class":"Sorceress","level":95,"fcr":139,"teleportTime":5172,"killTime":2078,"viperQuit":false,"coldImmune":false}
{"timestamp":"2023-08-29T01:18:03.880Z","name":"sighbertwo","class":"Sorceress","level":94,"fcr":143,"teleportTime":4907,"killTime":null,"viperQuit":false,"coldImmune":false}
{"timestamp":"2023-08-29T01:22:01.569Z","name":"sighbertwo","class":"Sorceress","level":94,"fcr":143,"teleportTime":5000,"killTime":null,"viperQuit":true,"coldImmune":false}
{"timestamp":"2023-08-29T01:25:37.860Z","name":"sighbertwo","class":"Sorceress","level":94,"fcr":143,"teleportTime":4859,"killTime":null,"viperQuit":false,"coldImmune":false}
{"timestamp":"2023-08-29T01:26:28.956Z","name":"sighberthree","class":"Sorceress","level":95,"fcr":139,"teleportTime":4797,"killTime":2078,"viperQuit":false,"coldImmune":false}
{"timestamp":"2023-08-29T01:29:05.620Z","name":"sighbertwo","class":"Sorceress","level":94,"fcr":143,"teleportTime":5297,"killTime":4781,"viperQuit":false,"coldImmune":false}
{"timestamp":"2023-08-29T01:32:44.040Z","name":"sighbertwo","class":"Sorceress","level":94,"fcr":143,"teleportTime":4922,"killTime":2078,"viperQuit":false,"coldImmune":false}
{"timestamp":"2023-08-29T01:36:22.156Z","name":"sighbertwo","class":"Sorceress","level":94,"fcr":143,"teleportTime":5797,"killTime":7515,"viperQuit":false,"coldImmune":false}
{"timestamp":"2023-08-29T01:36:39.939Z","name":"sighberthree","class":"Sorceress","level":95,"fcr":139,"teleportTime":5125,"killTime":null,"viperQuit":true,"coldImmune":false}
{"timestamp":"2023-08-29T01:39:57.605Z","name":"sighbertwo","class":"Sorceress","level":94,"fcr":143,"teleportTime":4890,"killTime":null,"viperQuit":true,"coldImmune":false}
{"timestamp":"2023-08-29T01:43:18.306Z","name":"sighbertwo","class":"Sorceress","level":94,"fcr":143,"teleportTime":5844,"killTime":5937,"viperQuit":false,"coldImmune":false}
{"timestamp":"2023-08-29T01:45:24.894Z","name":"sighberthree","class":"Sorceress","level":95,"fcr":139,"teleportTime":4719,"killTime":null,"viperQuit":true,"coldImmune":false}
{"timestamp":"2023-08-29T01:46:54.603Z","name":"sighbertwo","class":"Sorceress","level":94,"fcr":143,"teleportTime":5296,"killTime":12875,"viperQuit":false,"coldImmune":false}
{"timestamp":"2023-08-29T01:50:26.825Z","name":"sighberthree","class":"Sorceress","level":95,"fcr":139,"teleportTime":5188,"killTime":11281,"viperQuit":false,"coldImmune":false}
{"timestamp":"2023-08-29T01:51:32.366Z","name":"sighbertwo","class":"Sorceress","level":94,"fcr":143,"teleportTime":4937,"killTime":10860,"viperQuit":false,"coldImmune":false}
{"timestamp":"2023-08-29T01:52:32.812Z","name":"sighberthree","class":"Sorceress","level":95,"fcr":139,"teleportTime":5641,"killTime":11000,"viperQuit":false,"coldImmune":false}
